Terrain,Algorithm,avg_speed,attitude_stability,path_tracking_error,waypoints_reached,total_distance
Flat,Adaptive (Ours),0.4023329872081917,0.15968283526649976,7.632626262626264,0,12.527089451649372
Flat,A* Planning,0.40138118195761674,0.10271014390461958,7.491232323232323,0,12.501778101253326
Slope,Adaptive (Ours),1.0088215553880582,112.03945430873301,177.70182934872219,0,390.61590624625615
Slope,A* Planning,0.37864375484978824,6.094228740750154,7.397227272727273,0,12.965062166056747
Rough,Adaptive (Ours),0.13530242405966925,18.15561610578968,7.775668989547039,0,12.490035357603961
Rough,A* Planning,0.13836690006056315,17.690971770847945,7.567207746478873,0,12.633408302958
Transition,Adaptive (Ours),0.10091141696511771,4.769674823305818,3.81695652173913,0,0.6683960616177297
Transition,A* Planning,0.10327068578939542,4.809321409713173,3.8043043478260863,0,0.6815769539117561
