{
  "iter": 26,
  "tag": "iter26",
  "metric_version": "v2",
  "controllers": [
    "adaptive_navigator",
    "adaptive_navigator_baseline",
    "astar_navigator"
  ],
  "terrains": [
    "flat",
    "slope",
    "rough",
    "transition"
  ],
  "seeds": [
    42,
    43,
    44,
    45,
    46
  ],
  "results": {
    "flat": {
      "adaptive_navigator": {
        "success_rate": {
          "mean": 1.0,
          "std": 0.0,
          "n": 5
        },
        "path_efficiency": {
          "mean": 0.9321225749093914,
          "std": 0.054012727638270884,
          "n": 5
        },
        "time_to_goal": {
          "mean": 20.991999999999997,
          "std": 3.2921142143005913,
          "n": 5
        },
        "actual_path_length": {
          "mean": 29.987953973883485,
          "std": 5.53046943726517,
          "n": 5
        },
        "completion_fraction": {
          "mean": 1.0,
          "std": 0.0,
          "n": 5
        },
        "skip_count": {
          "mean": 14.8,
          "std": 3.7094473981982814,
          "n": 5
        },
        "cross_track_mean": {
          "mean": 0.11834957581685124,
          "std": 0.030842089913961222,
          "n": 5
        },
        "cross_track_max": {
          "mean": 0.82714,
          "std": 0.24356875497485303,
          "n": 5
        },
        "classification_accuracy": {
          "mean": 0.9864768683274022,
          "std": 0.008832507933089599,
          "n": 5
        },
        "energy_proxy": {
          "mean": 28886.65600000004,
          "std": 93.57456611708093,
          "n": 5
        },
        "replan_count": {
          "mean": 7.4,
          "std": 3.9293765408777004,
          "n": 5
        }
      },
      "adaptive_navigator_baseline": {
        "success_rate": {
          "mean": 0.2,
          "std": 0.0,
          "n": 5
        },
        "path_efficiency": {
          "mean": 0.9529035696254875,
          "std": 0.0,
          "n": 1
        },
        "time_to_goal": {
          "mean": 21.76,
          "std": 0.0,
          "n": 1
        },
        "actual_path_length": {
          "mean": 36.10091599291206,
          "std": 0.0,
          "n": 1
        },
        "completion_fraction": {
          "mean": 0.45,
          "std": 0.29154759474226505,
          "n": 5
        },
        "skip_count": {
          "mean": 293.6,
          "std": 10.744300814850634,
          "n": 5
        },
        "cross_track_mean": {
          "mean": 0.07851686748891969,
          "std": 0.00025755724518241934,
          "n": 5
        },
        "cross_track_max": {
          "mean": 0.5959399999999999,
          "std": 0.06427057180389796,
          "n": 5
        },
        "classification_accuracy": {
          "mean": 0.9913774290951449,
          "std": 0.011600615327627205,
          "n": 5
        },
        "energy_proxy": {
          "mean": 1313253.6320002237,
          "std": 13345.625411385012,
          "n": 5
        },
        "replan_count": {
          "mean": 1.4,
          "std": 0.4898979485566356,
          "n": 5
        }
      },
      "astar_navigator": {
        "success_rate": {
          "mean": 0.2,
          "std": 0.0,
          "n": 5
        },
        "path_efficiency": {
          "mean": 0.8770756689239845,
          "std": 0.0,
          "n": 1
        },
        "time_to_goal": {
          "mean": 24.0,
          "std": 0.0,
          "n": 1
        },
        "actual_path_length": {
          "mean": 39.22203401058801,
          "std": 0.0,
          "n": 1
        },
        "completion_fraction": {
          "mean": 0.55,
          "std": 0.2449489742783178,
          "n": 5
        },
        "skip_count": {
          "mean": 80.0,
          "std": 4.427188724235731,
          "n": 5
        },
        "cross_track_mean": {
          "mean": 0.12380865137556903,
          "std": 0.00034104498360483103,
          "n": 5
        },
        "cross_track_max": {
          "mean": 0.66368,
          "std": 0.006172325331672038,
          "n": 5
        },
        "classification_accuracy": {
          "mean": 0.9960225649902462,
          "std": 0.007216440845344175,
          "n": 5
        },
        "energy_proxy": {
          "mean": 349334.7200000029,
          "std": 1928.01546085092,
          "n": 5
        },
        "replan_count": {
          "mean": 64.0,
          "std": 12.165525060596439,
          "n": 5
        }
      }
    },
    "slope": {
      "adaptive_navigator": {
        "success_rate": {
          "mean": 1.0,
          "std": 0.0,
          "n": 5
        },
        "path_efficiency": {
          "mean": 0.8650470569872756,
          "std": 0.04864891657716496,
          "n": 5
        },
        "time_to_goal": {
          "mean": 27.264,
          "std": 7.8106225104021,
          "n": 5
        },
        "actual_path_length": {
          "mean": 33.02664472834574,
          "std": 8.312193453251037,
          "n": 5
        },
        "completion_fraction": {
          "mean": 1.0,
          "std": 0.0,
          "n": 5
        },
        "skip_count": {
          "mean": 9.6,
          "std": 1.8547236990991407,
          "n": 5
        },
        "cross_track_mean": {
          "mean": 0.09274103587289498,
          "std": 0.03826431238023002,
          "n": 5
        },
        "cross_track_max": {
          "mean": 0.7748200000000001,
          "std": 0.21453803765299984,
          "n": 5
        },
        "classification_accuracy": {
          "mean": 0.32313167259786474,
          "std": 0.13376996511294137,
          "n": 5
        },
        "energy_proxy": {
          "mean": 27391.10400000003,
          "std": 1289.7586625970227,
          "n": 5
        },
        "replan_count": {
          "mean": 4.2,
          "std": 3.9698866482558417,
          "n": 5
        }
      },
      "adaptive_navigator_baseline": {
        "success_rate": {
          "mean": 0.2,
          "std": 0.0,
          "n": 5
        },
        "path_efficiency": {
          "mean": 0.9236014130942989,
          "std": 0.0,
          "n": 1
        },
        "time_to_goal": {
          "mean": 32.0,
          "std": 0.0,
          "n": 1
        },
        "actual_path_length": {
          "mean": 37.24625279767027,
          "std": 0.0,
          "n": 1
        },
        "completion_fraction": {
          "mean": 0.3,
          "std": 0.36742346141747667,
          "n": 5
        },
        "skip_count": {
          "mean": 61.2,
          "std": 75.03439211454972,
          "n": 5
        },
        "cross_track_mean": {
          "mean": 0.0248455494839137,
          "std": 0.02986023812366141,
          "n": 5
        },
        "cross_track_max": {
          "mean": 0.47912,
          "std": 0.06299820314897876,
          "n": 5
        },
        "classification_accuracy": {
          "mean": 0.0,
          "std": 0.0,
          "n": 5
        },
        "energy_proxy": {
          "mean": 692203.008000122,
          "std": 9636.013077305053,
          "n": 5
        },
        "replan_count": {
          "mean": 0.6,
          "std": 0.48989794855663565,
          "n": 5
        }
      },
      "astar_navigator": {
        "success_rate": {
          "mean": 0.2,
          "std": 0.0,
          "n": 5
        },
        "path_efficiency": {
          "mean": 0.8554609482650616,
          "std": 0.0,
          "n": 1
        },
        "time_to_goal": {
          "mean": 32.32,
          "std": 0.0,
          "n": 1
        },
        "actual_path_length": {
          "mean": 40.2130474642506,
          "std": 0.0,
          "n": 1
        },
        "completion_fraction": {
          "mean": 0.6,
          "std": 0.25495097567963926,
          "n": 5
        },
        "skip_count": {
          "mean": 3.2,
          "std": 0.7483314773547882,
          "n": 5
        },
        "cross_track_mean": {
          "mean": 0.027018231350502825,
          "std": 0.008911943298720111,