{
  "iter": 24,
  "tag": "iter24",
  "metric_version": "v2",
  "controllers": [
    "adaptive_navigator",
    "adaptive_navigator_baseline",
    "astar_navigator"
  ],
  "terrains": [
    "flat",
    "slope",
    "rough",
    "transition"
  ],
  "seeds": [
    42,
    43,
    44,
    45,
    46
  ],
  "results": {
    "flat": {
      "adaptive_navigator": {
        "success_rate": {
          "mean": 1.0,
          "std": 0.0,
          "n": 5
        },
        "path_efficiency": {
          "mean": 0.9321225749093914,
          "std": 0.054012727638270884,
          "n": 5
        },
        "time_to_goal": {
          "mean": 20.991999999999997,
          "std": 3.2921142143005913,
          "n": 5
        },
        "actual_path_length": {
          "mean": 29.987953973883485,
          "std": 5.53046943726517,
          "n": 5
        },
        "completion_fraction": {
          "mean": 1.0,
          "std": 0.0,
          "n": 5
        },
        "skip_count": {
          "mean": 14.8,
          "std": 3.7094473981982814,
          "n": 5
        },
        "cross_track_mean": {
          "mean": 0.11834957581685124,
          "std": 0.030842089913961222,
          "n": 5
        },
        "cross_track_max": {
          "mean": 0.82714,
          "std": 0.24356875497485303,
          "n": 5
        },
        "classification_accuracy": {
          "mean": 0.9864768683274022,
          "std": 0.008832507933089599,
          "n": 5
        },
        "energy_proxy": {
          "mean": 28886.65600000004,
          "std": 93.57456611708093,
          "n": 5
        },
        "replan_count": {
          "mean": 7.4,
          "std": 3.9293765408777004,
          "n": 5
        }
      },
      "adaptive_navigator_baseline": {
        "success_rate": {
          "mean": 0.2,
          "std": 0.0,
          "n": 5
        },
        "path_efficiency": {
          "mean": 0.9529035696254875,
          "std": 0.0,
          "n": 1
        },
        "time_to_goal": {
          "mean": 21.76,
          "std": 0.0,
          "n": 1
        },
        "actual_path_length": {
          "mean": 36.10091599291206,
          "std": 0.0,
          "n": 1
        },
        "completion_fraction": {
          "mean": 0.45,
          "std": 0.29154759474226505,
          "n": 5
        },
        "skip_count": {
          "mean": 293.4,
          "std": 10.762899237658967,
          "n": 5
        },
        "cross_track_mean": {
          "mean": 0.07852199543847276,
          "std": 0.0002737627666833153,
          "n": 5
        },
        "cross_track_max": {
          "mean": 0.5959399999999999,
          "std": 0.06427057180389796,
          "n": 5
        },
        "classification_accuracy": {
          "mean": 0.9913939288985757,
          "std": 0.011564256926117358,
          "n": 5
        },
        "energy_proxy": {
          "mean": 1312813.8240002226,
          "std": 15593.64126623147,
          "n": 5
        },
        "replan_count": {
          "mean": 1.4,
          "std": 0.4898979485566356,
          "n": 5
        }
      },
      "astar_navigator": {
        "success_rate": {
          "mean": 0.2,
          "std": 0.0,
          "n": 5
        },
        "path_efficiency": {
          "mean": 0.8770756689239845,
          "std": 0.0,
          "n": 1
        },
        "time_to_goal": {
          "mean": 24.0,
          "std": 0.0,
          "n": 1
        },
        "actual_path_length": {
          "mean": 39.22203401058801,
          "std": 0.0,
          "n": 1
        },
        "completion_fraction": {
          "mean": 0.55,
          "std": 0.2449489742783178,
          "n": 5
        },
        "skip_count": {
          "mean": 80.4,
          "std": 4.31740662898458,
          "n": 5
        },
        "cross_track_mean": {
          "mean": 0.12391351775692468,
          "std": 0.00033893153929122994,
          "n": 5
        },
        "cross_track_max": {
          "mean": 0.66368,
          "std": 0.006172325331672038,
          "n": 5
        },
        "classification_accuracy": {
          "mean": 0.9960610882117942,
          "std": 0.007135554860157898,
          "n": 5
        },
        "energy_proxy": {
          "mean": 350632.896000003,
          "std": 3212.4817461499847,
          "n": 5
        },
        "replan_count": {
          "mean": 64.0,
          "std": 11.661903789690601,
          "n": 5
        }
      }
    },
    "slope": {
      "adaptive_navigator": {
        "success_rate": {
          "mean": 1.0,
          "std": 0.0,
          "n": 5
        },
        "path_efficiency": {
          "mean": 0.7761044617578927,
          "std": 0.16937453400433172,
          "n": 5
        },
        "time_to_goal": {
          "mean": 36.8,
          "std": 22.28542124349459,
          "n": 5
        },
        "actual_path_length": {
          "mean": 39.94996666381452,
          "std": 18.33201419339822,
          "n": 5
        },
        "completion_fraction": {
          "mean": 1.0,
          "std": 0.0,
          "n": 5
        },
        "skip_count": {
          "mean": 9.8,
          "std": 3.4871191548325386,
          "n": 5
        },
        "cross_track_mean": {
          "mean": 0.10294267669450718,
          "std": 0.023495891441902887,
          "n": 5
        },
        "cross_track_max": {
          "mean": 0.7225999999999999,
          "std": 0.22648613202578208,
          "n": 5
        },
        "classification_accuracy": {
          "mean": 0.404270462633452,
          "std": 0.12275465287978798,
          "n": 5
        },
        "energy_proxy": {
          "mean": 27513.536000000033,
          "std": 1042.8019932777333,
          "n": 5
        },
        "replan_count": {
          "mean": 4.2,
          "std": 2.4,
          "n": 5
        }
      },
      "adaptive_navigator_baseline": {
        "success_rate": {
          "mean": 0.2,
          "std": 0.0,
          "n": 5
        },
        "path_efficiency": {
          "mean": 0.9236014130942989,
          "std": 0.0,
          "n": 1
        },
        "time_to_goal": {
          "mean": 32.0,
          "std": 0.0,
          "n": 1
        },
        "actual_path_length": {
          "mean": 37.24625279767027,
          "std": 0.0,
          "n": 1
        },
        "completion_fraction": {
          "mean": 0.3,
          "std": 0.36742346141747667,
          "n": 5
        },
        "skip_count": {
          "mean": 64.0,
          "std": 78.20741652810173,
          "n": 5
        },
        "cross_track_mean": {
          "mean": 0.02484864514771442,
          "std": 0.02987921876353224,
          "n": 5
        },
        "cross_track_max": {
          "mean": 0.47912,
          "std": 0.06299820314897876,
          "n": 5
        },
        "classification_accuracy": {
          "mean": 0.0,
          "std": 0.0,
          "n": 5
        },
        "energy_proxy": {
          "mean": 716776.7040001403,
          "std": 12279.5701324618,
          "n": 5
        },
        "replan_count": {
          "mean": 0.6,
          "std": 0.48989794855663565,
          "n": 5
        }
      },
      "astar_navigator": {
        "success_rate": {
          "mean": 0.2,
          "std": 0.0,
          "n": 5
        },
        "path_efficiency": {
          "mean": 0.8554609482650616,
          "std": 0.0,
          "n": 1
        },
        "time_to_goal": {
          "mean": 32.32,
          "std": 0.0,
          "n": 1
        },
        "actual_path_length": {
          "mean": 40.2130474642506,
          "std": 0.0,
          "n": 1
        },
        "completion_fraction": {
          "mean": 0.6,
          "std": 0.25495097567963926,
          "n": 5
        },
        "skip_count": {
          "mean": 3.2,
          "std": 0.7483314773547882,
          "n": 5
        },
        "cross_track_mean": {
          "mean": 0.027176649127991344,
          "std": 0.008952390407867994,
          "n": 5
        },