{
  "iter": 11,
  "tag": "iter11",
  "metric_version": "v2",
  "controllers": [
    "adaptive_navigator",
    "adaptive_navigator_baseline",
    "astar_navigator"
  ],
  "terrains": [
    "flat",
    "slope",
    "rough",
    "transition"
  ],
  "seeds": [
    42,
    43,
    44,
    45,
    46
  ],
  "results": {
    "flat": {
      "adaptive_navigator": {
        "success_rate": {
          "mean": 1.0,
          "std": 0.0,
          "n": 5
        },
        "path_efficiency": {
          "mean": 0.9269760238617767,
          "std": 0.054789915607658696,
          "n": 5
        },
        "time_to_goal": {
          "mean": 20.864,
          "std": 3.3525250185494513,
          "n": 5
        },
        "actual_path_length": {
          "mean": 30.209900218946963,
          "std": 5.573575284778072,
          "n": 5
        },
        "completion_fraction": {
          "mean": 1.0,
          "std": 0.0,
          "n": 5
        },
        "skip_count": {
          "mean": 13.2,
          "std": 2.3151673805580453,
          "n": 5
        },
        "cross_track_mean": {
          "mean": 0.11116008631172294,
          "std": 0.01814814166204199,
          "n": 5
        },
        "cross_track_max": {
          "mean": 0.7904141228718344,
          "std": 0.23201969577311427,
          "n": 5
        },
        "classification_accuracy": {
          "mean": 0.9822064056939501,
          "std": 0.010556866173801666,
          "n": 5
        },
        "energy_proxy": {
          "mean": 28831.16800000004,
          "std": 120.1325518583548,
          "n": 5
        },
        "replan_count": {
          "mean": 6.6,
          "std": 3.32264954516723,
          "n": 5
        }
      },
      "adaptive_navigator_baseline": {
        "success_rate": {
          "mean": 0.2,
          "std": 0.0,
          "n": 5
        },
        "path_efficiency": {
          "mean": 0.9529035696254875,
          "std": 0.0,
          "n": 1
        },
        "time_to_goal": {
          "mean": 21.76,
          "std": 0.0,
          "n": 1
        },
        "actual_path_length": {
          "mean": 36.10091599291206,
          "std": 0.0,
          "n": 1
        },
        "completion_fraction": {
          "mean": 0.45,
          "std": 0.29154759474226505,
          "n": 5
        },
        "skip_count": {
          "mean": 295.6,
          "std": 11.128342194594843,
          "n": 5
        },
        "cross_track_mean": {
          "mean": 0.07852702676857758,
          "std": 0.0002773279636337001,
          "n": 5
        },
        "cross_track_max": {
          "mean": 0.5959399999999999,
          "std": 0.06427057180389796,
          "n": 5
        },
        "classification_accuracy": {
          "mean": 0.991394287892297,
          "std": 0.01155659459011361,
          "n": 5
        },
        "energy_proxy": {
          "mean": 1322983.1680002285,
          "std": 15706.952310298562,
          "n": 5
        },
        "replan_count": {
          "mean": 1.4,
          "std": 0.4898979485566356,
          "n": 5
        }
      },
      "astar_navigator": {
        "success_rate": {
          "mean": 0.2,
          "std": 0.0,
          "n": 5
        },
        "path_efficiency": {
          "mean": 0.8770756689239845,
          "std": 0.0,
          "n": 1
        },
        "time_to_goal": {
          "mean": 24.0,
          "std": 0.0,
          "n": 1
        },
        "actual_path_length": {
          "mean": 39.22203401058801,
          "std": 0.0,
          "n": 1
        },
        "completion_fraction": {
          "mean": 0.55,
          "std": 0.2449489742783178,
          "n": 5
        },
        "skip_count": {
          "mean": 79.4,
          "std": 4.31740662898458,
          "n": 5
        },
        "cross_track_mean": {
          "mean": 0.12381766784745549,
          "std": 0.00038555185715429853,
          "n": 5
        },
        "cross_track_max": {
          "mean": 0.66368,
          "std": 0.006172325331672038,
          "n": 5
        },
        "classification_accuracy": {
          "mean": 0.9959916571995742,
          "std": 0.007264233699872088,
          "n": 5
        },
        "energy_proxy": {
          "mean": 345594.04800000245,
          "std": 3303.52714780106,
          "n": 5
        },
        "replan_count": {
          "mean": 63.2,
          "std": 11.565465835840769,
          "n": 5
        }
      }
    },
    "slope": {
      "adaptive_navigator": {
        "success_rate": {
          "mean": 1.0,
          "std": 0.0,
          "n": 5
        },
        "path_efficiency": {
          "mean": 0.81805098861835,
          "std": 0.07857458104875391,
          "n": 5
        },
        "time_to_goal": {
          "mean": 31.232,
          "std": 10.018811107112459,
          "n": 5
        },
        "actual_path_length": {
          "mean": 35.23891039607732,
          "std": 9.87555394170731,
          "n": 5
        },
        "completion_fraction": {
          "mean": 1.0,
          "std": 0.0,
          "n": 5
        },
        "skip_count": {
          "mean": 10.2,
          "std": 2.7129319932501073,
          "n": 5
        },
        "cross_track_mean": {
          "mean": 0.09496312829120984,
          "std": 0.03442608801918266,
          "n": 5
        },
        "cross_track_max": {
          "mean": 0.8119599999999998,
          "std": 0.21628217309801567,
          "n": 5
        },
        "classification_accuracy": {
          "mean": 0.31387900355871884,
          "std": 0.1475800325579389,
          "n": 5
        },
        "energy_proxy": {
          "mean": 26299.264000000014,
          "std": 925.4346533732237,
          "n": 5
        },
        "replan_count": {
          "mean": 3.8,
          "std": 3.1874754901018454,
          "n": 5
        }
      },
      "adaptive_navigator_baseline": {
        "success_rate": {
          "mean": 0.2,
          "std": 0.0,
          "n": 5
        },
        "path_efficiency": {
          "mean": 0.9236014130942989,
          "std": 0.0,
          "n": 1
        },
        "time_to_goal": {
          "mean": 32.0,
          "std": 0.0,
          "n": 1
        },
        "actual_path_length": {
          "mean": 37.24625279767027,
          "std": 0.0,
          "n": 1
        },
        "completion_fraction": {
          "mean": 0.3,
          "std": 0.36742346141747667,
          "n": 5
        },
        "skip_count": {
          "mean": 64.0,
          "std": 78.20741652810173,
          "n": 5
        },
        "cross_track_mean": {
          "mean": 0.024838674620741713,
          "std": 0.02986940947960885,
          "n": 5
        },
        "cross_track_max": {
          "mean": 0.47912,
          "std": 0.06299820314897876,
          "n": 5
        },
        "classification_accuracy": {
          "mean": 0.0,
          "std": 0.0,
          "n": 5
        },
        "energy_proxy": {
          "mean": 716927.2320001404,
          "std": 11611.8826238563,
          "n": 5
        },
        "replan_count": {
          "mean": 0.6,
          "std": 0.48989794855663565,
          "n": 5
        }
      },
      "astar_navigator": {
        "success_rate": {
          "mean": 0.2,
          "std": 0.0,
          "n": 5
        },
        "path_efficiency": {
          "mean": 0.8554609482650616,
          "std": 0.0,
          "n": 1
        },
        "time_to_goal": {
          "mean": 32.32,
          "std": 0.0,
          "n": 1
        },
        "actual_path_length": {
          "mean": 40.2130474642506,
          "std": 0.0,
          "n": 1
        },
        "completion_fraction": {
          "mean": 0.6,
          "std": 0.25495097567963926,
          "n": 5
        },
        "skip_count": {
          "mean": 3.2,
          "std": 0.7483314773547882,
          "n": 5
        },
        "cross_track_mean": {
          "mean": 0.027432562189224775,
          "std": 0.009061047281310308,