{
  "iter": 15,
  "tag": "iter15",
  "metric_version": "v2",
  "controllers": [
    "adaptive_navigator",
    "adaptive_navigator_baseline",
    "astar_navigator"
  ],
  "terrains": [
    "flat",
    "slope",
    "rough",
    "transition"
  ],
  "seeds": [
    42,
    43,
    44,
    45,
    46
  ],
  "results": {
    "flat": {
      "adaptive_navigator": {
        "success_rate": {
          "mean": 1.0,
          "std": 0.0,
          "n": 5
        },
        "path_efficiency": {
          "mean": 0.919246617474354,
          "std": 0.07647476470080443,
          "n": 5
        },
        "time_to_goal": {
          "mean": 21.119999999999997,
          "std": 3.0492490878903284,
          "n": 5
        },
        "actual_path_length": {
          "mean": 30.28438545192855,
          "std": 4.91500947315431,
          "n": 5
        },
        "completion_fraction": {
          "mean": 1.0,
          "std": 0.0,
          "n": 5
        },
        "skip_count": {
          "mean": 13.6,
          "std": 2.5768197453450252,
          "n": 5
        },
        "cross_track_mean": {
          "mean": 0.11690757581685123,
          "std": 0.02709517074235746,
          "n": 5
        },
        "cross_track_max": {
          "mean": 0.7553599999999999,
          "std": 0.25477956432963766,
          "n": 5
        },
        "classification_accuracy": {
          "mean": 0.9879003558718861,
          "std": 0.008300287394797604,
          "n": 5
        },
        "energy_proxy": {
          "mean": 28899.328000000045,
          "std": 87.46662504064014,
          "n": 5
        },
        "replan_count": {
          "mean": 5.6,
          "std": 3.006659275674582,
          "n": 5
        }
      },
      "adaptive_navigator_baseline": {
        "success_rate": {
          "mean": 0.2,
          "std": 0.0,
          "n": 5
        },
        "path_efficiency": {
          "mean": 0.9529035696254875,
          "std": 0.0,
          "n": 1
        },
        "time_to_goal": {
          "mean": 21.76,
          "std": 0.0,
          "n": 1
        },
        "actual_path_length": {
          "mean": 36.10091599291206,
          "std": 0.0,
          "n": 1
        },
        "completion_fraction": {
          "mean": 0.45,
          "std": 0.29154759474226505,
          "n": 5
        },
        "skip_count": {
          "mean": 288.2,
          "std": 11.496086290559932,
          "n": 5
        },
        "cross_track_mean": {
          "mean": 0.07853577698214453,
          "std": 0.0002845919289104063,
          "n": 5
        },
        "cross_track_max": {
          "mean": 0.5959399999999999,
          "std": 0.06427057180389796,
          "n": 5
        },
        "classification_accuracy": {
          "mean": 0.9913834337651497,
          "std": 0.011567334478317442,
          "n": 5
        },
        "energy_proxy": {
          "mean": 1287312.384000203,
          "std": 8275.905995319847,
          "n": 5
        },
        "replan_count": {
          "mean": 1.4,
          "std": 0.4898979485566356,
          "n": 5
        }
      },
      "astar_navigator": {
        "success_rate": {
          "mean": 0.2,
          "std": 0.0,
          "n": 5
        },
        "path_efficiency": {
          "mean": 0.8770756689239845,
          "std": 0.0,
          "n": 1
        },
        "time_to_goal": {
          "mean": 24.0,
          "std": 0.0,
          "n": 1
        },
        "actual_path_length": {
          "mean": 39.22203401058801,
          "std": 0.0,
          "n": 1
        },
        "completion_fraction": {
          "mean": 0.55,
          "std": 0.2449489742783178,
          "n": 5
        },
        "skip_count": {
          "mean": 77.0,
          "std": 3.9496835316262997,
          "n": 5
        },
        "cross_track_mean": {
          "mean": 0.1237345180761881,
          "std": 0.0004904096383220736,
          "n": 5
        },
        "cross_track_max": {
          "mean": 0.66368,
          "std": 0.006172325331672038,
          "n": 5
        },
        "classification_accuracy": {
          "mean": 0.9959583155938102,
          "std": 0.007299859099052379,
          "n": 5
        },
        "energy_proxy": {
          "mean": 330771.6480000013,
          "std": 1041.2270835969975,
          "n": 5
        },
        "replan_count": {
          "mean": 60.6,
          "std": 11.092339699089639,
          "n": 5
        }
      }
    },
    "slope": {
      "adaptive_navigator": {
        "success_rate": {
          "mean": 0.8,
          "std": 0.0,
          "n": 5
        },
        "path_efficiency": {
          "mean": 0.867869532449714,
          "std": 0.05487193968004478,
          "n": 4
        },
        "time_to_goal": {
          "mean": 25.28,
          "std": 3.541750979388584,
          "n": 4
        },
        "actual_path_length": {
          "mean": 30.771130778453486,
          "std": 6.416654688643195,
          "n": 4
        },
        "completion_fraction": {
          "mean": 0.95,
          "std": 0.09999999999999999,
          "n": 5
        },
        "skip_count": {
          "mean": 10.6,
          "std": 3.3823069050575527,
          "n": 5
        },
        "cross_track_mean": {
          "mean": 0.0976765043882798,
          "std": 0.019659759761669275,
          "n": 5
        },
        "cross_track_max": {
          "mean": 0.8426170614359172,
          "std": 0.1767097230318232,
          "n": 5
        },
        "classification_accuracy": {
          "mean": 0.31743772241992885,
          "std": 0.13230395906539266,
          "n": 5
        },
        "energy_proxy": {
          "mean": 26152.89600000002,
          "std": 896.3615133549714,
          "n": 5
        },
        "replan_count": {
          "mean": 4.4,
          "std": 2.5768197453450252,
          "n": 5
        }
      },
      "adaptive_navigator_baseline": {
        "success_rate": {
          "mean": 0.2,
          "std": 0.0,
          "n": 5
        },
        "path_efficiency": {
          "mean": 0.9236014130942989,
          "std": 0.0,
          "n": 1
        },
        "time_to_goal": {
          "mean": 32.0,
          "std": 0.0,
          "n": 1
        },
        "actual_path_length": {
          "mean": 37.24625279767027,
          "std": 0.0,
          "n": 1
        },
        "completion_fraction": {
          "mean": 0.3,
          "std": 0.36742346141747667,
          "n": 5
        },
        "skip_count": {
          "mean": 62.6,
          "std": 76.52346045494807,
          "n": 5
        },
        "cross_track_mean": {
          "mean": 0.024856028422671393,
          "std": 0.02988048566955137,
          "n": 5
        },
        "cross_track_max": {
          "mean": 0.47912,
          "std": 0.06299820314897876,
          "n": 5
        },
        "classification_accuracy": {
          "mean": 0.0,
          "std": 0.0,
          "n": 5
        },
        "energy_proxy": {
          "mean": 703492.6080001304,
          "std": 10559.231928632977,
          "n": 5
        },
        "replan_count": {
          "mean": 0.6,
          "std": 0.48989794855663565,
          "n": 5
        }
      },
      "astar_navigator": {
        "success_rate": {
          "mean": 0.2,
          "std": 0.0,
          "n": 5
        },
        "path_efficiency": {
          "mean": 0.8554609482650616,
          "std": 0.0,
          "n": 1
        },
        "time_to_goal": {
          "mean": 32.32,
          "std": 0.0,
          "n": 1
        },
        "actual_path_length": {
          "mean": 40.2130474642506,
          "std": 0.0,
          "n": 1
        },
        "completion_fraction": {
          "mean": 0.6,
          "std": 0.25495097567963926,
          "n": 5
        },
        "skip_count": {
          "mean": 3.2,
          "std": 0.7483314773547882,
          "n": 5
        },
        "cross_track_mean": {
          "mean": 0.02800303269972859,