{
  "iter": 2,
  "tag": "iter02",
  "metric_version": "v2",
  "controllers": [
    "adaptive_navigator",
    "adaptive_navigator_baseline",
    "astar_navigator"
  ],
  "terrains": [
    "flat",
    "slope",
    "rough",
    "transition"
  ],
  "seeds": [
    42,
    43,
    44,
    45,
    46
  ],
  "results": {
    "flat": {
      "adaptive_navigator": {
        "success_rate": {
          "mean": 1.0,
          "std": 0.0,
          "n": 5
        },
        "path_efficiency": {
          "mean": 0.9306801555089604,
          "std": 0.056767038324121125,
          "n": 5
        },
        "time_to_goal": {
          "mean": 20.672000000000004,
          "std": 3.1064732414749687,
          "n": 5
        },
        "actual_path_length": {
          "mean": 30.019055237138993,
          "std": 5.419970175359198,
          "n": 5
        },
        "completion_fraction": {
          "mean": 1.0,
          "std": 0.0,
          "n": 5
        },
        "skip_count": {
          "mean": 14.6,
          "std": 2.9393876913398134,
          "n": 5
        },
        "cross_track_mean": {
          "mean": 0.11430109680659468,
          "std": 0.02621138500689987,
          "n": 5
        },
        "cross_track_max": {
          "mean": 0.9054941228718345,
          "std": 0.28280256369777046,
          "n": 5
        },
        "classification_accuracy": {
          "mean": 0.9800711743772241,
          "std": 0.012450431092196367,
          "n": 5
        },
        "energy_proxy": {
          "mean": 28804.73600000004,
          "std": 143.06919075748092,
          "n": 5
        },
        "replan_count": {
          "mean": 7.2,
          "std": 3.762977544445356,
          "n": 5
        }
      },
      "adaptive_navigator_baseline": {
        "success_rate": {
          "mean": 1.0,
          "std": 0.0,
          "n": 5
        },
        "path_efficiency": {
          "mean": 0.9366492263450299,
          "std": 0.0420706220278729,
          "n": 5
        },
        "time_to_goal": {
          "mean": 18.624000000000002,
          "std": 3.588568516832304,
          "n": 5
        },
        "actual_path_length": {
          "mean": 30.21318416555195,
          "std": 6.326794900298417,
          "n": 5
        },
        "completion_fraction": {
          "mean": 1.0,
          "std": 0.0,
          "n": 5
        },
        "skip_count": {
          "mean": 736.2,
          "std": 414.4969963702994,
          "n": 5
        },
        "cross_track_mean": {
          "mean": 0.09497727079480484,
          "std": 0.02261482584886502,
          "n": 5
        },
        "cross_track_max": {
          "mean": 0.47391999999999995,
          "std": 0.09140491015257331,
          "n": 5
        },
        "classification_accuracy": {
          "mean": 0.9750314864908042,
          "std": 0.027486424806838588,
          "n": 5
        },
        "energy_proxy": {
          "mean": 2792580.6079993,
          "std": 110844.95154066633,
          "n": 5
        },
        "replan_count": {
          "mean": 95.4,
          "std": 189.30145271497523,
          "n": 5
        }
      },
      "astar_navigator": {
        "success_rate": {
          "mean": 1.0,
          "std": 0.0,
          "n": 5
        },
        "path_efficiency": {
          "mean": 0.9294763788914864,
          "std": 0.039598395923389186,
          "n": 5
        },
        "time_to_goal": {
          "mean": 18.752000000000002,
          "std": 3.5321970499959368,
          "n": 5
        },
        "actual_path_length": {
          "mean": 30.385148061364816,
          "std": 6.201765256737933,
          "n": 5
        },
        "completion_fraction": {
          "mean": 1.0,
          "std": 0.0,
          "n": 5
        },
        "skip_count": {
          "mean": 746.2,
          "std": 142.84173059718927,
          "n": 5
        },
        "cross_track_mean": {
          "mean": 0.09511687749950641,
          "std": 0.022081104062719136,
          "n": 5
        },
        "cross_track_max": {
          "mean": 0.47178,
          "std": 0.09712417618698238,
          "n": 5
        },
        "classification_accuracy": {
          "mean": 0.977451620386451,
          "std": 0.021336681823889758,
          "n": 5
        },
        "energy_proxy": {
          "mean": 2173384.960000184,
          "std": 63007.598852240495,
          "n": 5
        },
        "replan_count": {
          "mean": 67.4,
          "std": 133.80074738206812,
          "n": 5
        }
      }
    },
    "slope": {
      "adaptive_navigator": {
        "success_rate": {
          "mean": 1.0,
          "std": 0.0,
          "n": 5
        },
        "path_efficiency": {
          "mean": 0.8266220745185064,
          "std": 0.0972612745484869,
          "n": 5
        },
        "time_to_goal": {
          "mean": 29.696000000000005,
          "std": 9.426485241064135,
          "n": 5
        },
        "actual_path_length": {
          "mean": 34.96775337255788,
          "std": 10.108573408949967,
          "n": 5
        },
        "completion_fraction": {
          "mean": 1.0,
          "std": 0.0,
          "n": 5
        },
        "skip_count": {
          "mean": 11.0,
          "std": 3.3466401061363023,
          "n": 5
        },
        "cross_track_mean": {
          "mean": 0.0968968215871807,
          "std": 0.026562452924873577,
          "n": 5
        },
        "cross_track_max": {
          "mean": 0.8138770614359174,
          "std": 0.16271343527455057,
          "n": 5
        },
        "classification_accuracy": {
          "mean": 0.2704626334519573,
          "std": 0.10742380609096601,
          "n": 5
        },
        "energy_proxy": {
          "mean": 26015.936000000012,
          "std": 1122.8059461474322,
          "n": 5
        },
        "replan_count": {
          "mean": 4.0,
          "std": 1.7888543819998317,
          "n": 5
        }
      },
      "adaptive_navigator_baseline": {
        "success_rate": {
          "mean": 0.6,
          "std": 0.0,
          "n": 5
        },
        "path_efficiency": {
          "mean": 0.8842375189715644,
          "std": 0.04190157145729689,
          "n": 3
        },
        "time_to_goal": {
          "mean": 25.813333333333333,
          "std": 5.678434839127963,
          "n": 3
        },
        "actual_path_length": {
          "mean": 29.879034026815116,
          "std": 7.396599047142035,
          "n": 3
        },
        "completion_fraction": {
          "mean": 0.75,
          "std": 0.31622776601683794,
          "n": 5
        },
        "skip_count": {
          "mean": 7.6,
          "std": 11.80847153530041,
          "n": 5
        },
        "cross_track_mean": {
          "mean": 0.0025499646526763336,
          "std": 0.003330233538105363,
          "n": 5
        },
        "cross_track_max": {
          "mean": 0.47263706143591716,
          "std": 0.18269364224940995,
          "n": 5
        },
        "classification_accuracy": {
          "mean": 0.0,
          "std": 0.0,
          "n": 5
        },
        "energy_proxy": {
          "mean": 1470721.280000554,
          "std": 57967.03061115922,
          "n": 5
        },
        "replan_count": {
          "mean": 2.0,
          "std": 3.521363372331802,
          "n": 5
        }
      },
      "astar_navigator": {
        "success_rate": {
          "mean": 0.4,
          "std": 0.0,
          "n": 5
        },
        "path_efficiency": {
          "mean": 0.8254977870943482,
          "std": 0.17450221290565182,
          "n": 2
        },
        "time_to_goal": {
          "mean": 48.32,
          "std": 20.160000000000004,
          "n": 2
        },
        "actual_path_length": {
          "mean": 43.531272084832736,
          "std": 9.247770889861716,
          "n": 2
        },
        "completion_fraction": {
          "mean": 0.7,
          "std": 0.2449489742783178,
          "n": 5
        },