{
  "iter": 14,
  "tag": "iter14",
  "metric_version": "v2",
  "controllers": [
    "adaptive_navigator",
    "adaptive_navigator_baseline",
    "astar_navigator"
  ],
  "terrains": [
    "flat",
    "slope",
    "rough",
    "transition"
  ],
  "seeds": [
    42,
    43,
    44,
    45,
    46
  ],
  "results": {
    "flat": {
      "adaptive_navigator": {
        "success_rate": {
          "mean": 1.0,
          "std": 0.0,
          "n": 5
        },
        "path_efficiency": {
          "mean": 0.9321225749093914,
          "std": 0.054012727638270884,
          "n": 5
        },
        "time_to_goal": {
          "mean": 20.991999999999997,
          "std": 3.2921142143005913,
          "n": 5
        },
        "actual_path_length": {
          "mean": 29.987953973883485,
          "std": 5.53046943726517,
          "n": 5
        },
        "completion_fraction": {
          "mean": 1.0,
          "std": 0.0,
          "n": 5
        },
        "skip_count": {
          "mean": 14.8,
          "std": 3.7094473981982814,
          "n": 5
        },
        "cross_track_mean": {
          "mean": 0.11834957581685124,
          "std": 0.030842089913961222,
          "n": 5
        },
        "cross_track_max": {
          "mean": 0.82714,
          "std": 0.24356875497485303,
          "n": 5
        },
        "classification_accuracy": {
          "mean": 0.9864768683274022,
          "std": 0.008832507933089599,
          "n": 5
        },
        "energy_proxy": {
          "mean": 28886.65600000004,
          "std": 93.57456611708093,
          "n": 5
        },
        "replan_count": {
          "mean": 7.4,
          "std": 3.9293765408777004,
          "n": 5
        }
      },
      "adaptive_navigator_baseline": {
        "success_rate": {
          "mean": 0.2,
          "std": 0.0,
          "n": 5
        },
        "path_efficiency": {
          "mean": 0.9529035696254875,
          "std": 0.0,
          "n": 1
        },
        "time_to_goal": {
          "mean": 21.76,
          "std": 0.0,
          "n": 1
        },
        "actual_path_length": {
          "mean": 36.10091599291206,
          "std": 0.0,
          "n": 1
        },
        "completion_fraction": {
          "mean": 0.45,
          "std": 0.29154759474226505,
          "n": 5
        },
        "skip_count": {
          "mean": 273.8,
          "std": 10.244998779892558,
          "n": 5
        },
        "cross_track_mean": {
          "mean": 0.07853084464933033,
          "std": 0.0002777044237387148,
          "n": 5
        },
        "cross_track_max": {
          "mean": 0.5959399999999999,
          "std": 0.06427057180389796,
          "n": 5
        },
        "classification_accuracy": {
          "mean": 0.9913641172072785,
          "std": 0.011605258178589793,
          "n": 5
        },
        "energy_proxy": {
          "mean": 1223820.0320001522,
          "std": 8969.799609286983,
          "n": 5
        },
        "replan_count": {
          "mean": 1.4,
          "std": 0.4898979485566356,
          "n": 5
        }
      },
      "astar_navigator": {
        "success_rate": {
          "mean": 0.2,
          "std": 0.0,
          "n": 5
        },
        "path_efficiency": {
          "mean": 0.8770756689239845,
          "std": 0.0,
          "n": 1
        },
        "time_to_goal": {
          "mean": 24.0,
          "std": 0.0,
          "n": 1
        },
        "actual_path_length": {
          "mean": 39.22203401058801,
          "std": 0.0,
          "n": 1
        },
        "completion_fraction": {
          "mean": 0.55,
          "std": 0.2449489742783178,
          "n": 5
        },
        "skip_count": {
          "mean": 74.4,
          "std": 3.6110940170535573,
          "n": 5
        },
        "cross_track_mean": {
          "mean": 0.12372121448905826,
          "std": 0.0003875543503843135,
          "n": 5
        },
        "cross_track_max": {
          "mean": 0.66204,
          "std": 0.007261294650405025,
          "n": 5
        },
        "classification_accuracy": {
          "mean": 0.9959646043118491,
          "std": 0.007275241477368568,
          "n": 5
        },
        "energy_proxy": {
          "mean": 324442.8160000017,
          "std": 2044.4898358816258,
          "n": 5
        },
        "replan_count": {
          "mean": 59.6,
          "std": 10.209799214480176,
          "n": 5
        }
      }
    },
    "slope": {
      "adaptive_navigator": {
        "success_rate": {
          "mean": 1.0,
          "std": 0.0,
          "n": 5
        },
        "path_efficiency": {
          "mean": 0.7997232746851769,
          "std": 0.12233631660110313,
          "n": 5
        },
        "time_to_goal": {
          "mean": 38.976000000000006,
          "std": 21.305752838142098,
          "n": 5
        },
        "actual_path_length": {
          "mean": 37.09716333748467,
          "std": 13.122130623163832,
          "n": 5
        },
        "completion_fraction": {
          "mean": 1.0,
          "std": 0.0,
          "n": 5
        },
        "skip_count": {
          "mean": 9.2,
          "std": 3.370459909270543,
          "n": 5
        },
        "cross_track_mean": {
          "mean": 0.10299637202600868,
          "std": 0.017600258577872643,
          "n": 5
        },
        "cross_track_max": {
          "mean": 0.7948970614359172,
          "std": 0.2167641331908394,
          "n": 5
        },
        "classification_accuracy": {
          "mean": 0.41067615658362994,
          "std": 0.17347577293761943,
          "n": 5
        },
        "energy_proxy": {
          "mean": 26049.79200000001,
          "std": 662.5416691016585,
          "n": 5
        },
        "replan_count": {
          "mean": 4.6,
          "std": 2.0591260281974,
          "n": 5
        }
      },
      "adaptive_navigator_baseline": {
        "success_rate": {
          "mean": 0.2,
          "std": 0.0,
          "n": 5
        },
        "path_efficiency": {
          "mean": 0.9236014130942989,
          "std": 0.0,
          "n": 1
        },
        "time_to_goal": {
          "mean": 32.0,
          "std": 0.0,
          "n": 1
        },
        "actual_path_length": {
          "mean": 37.24625279767027,
          "std": 0.0,
          "n": 1
        },
        "completion_fraction": {
          "mean": 0.3,
          "std": 0.36742346141747667,
          "n": 5
        },
        "skip_count": {
          "mean": 61.6,
          "std": 75.52112287300818,
          "n": 5
        },
        "cross_track_mean": {
          "mean": 0.024845934865897732,
          "std": 0.029857070074744117,
          "n": 5
        },
        "cross_track_max": {
          "mean": 0.47912,
          "std": 0.06299820314897876,
          "n": 5
        },
        "classification_accuracy": {
          "mean": 0.0,
          "std": 0.0,
          "n": 5
        },
        "energy_proxy": {
          "mean": 692265.728000122,
          "std": 3938.4164892960475,
          "n": 5
        },
        "replan_count": {
          "mean": 0.6,
          "std": 0.48989794855663565,
          "n": 5
        }
      },
      "astar_navigator": {
        "success_rate": {
          "mean": 0.2,
          "std": 0.0,
          "n": 5
        },
        "path_efficiency": {
          "mean": 0.8554609482650616,
          "std": 0.0,
          "n": 1
        },
        "time_to_goal": {
          "mean": 32.32,
          "std": 0.0,
          "n": 1
        },
        "actual_path_length": {
          "mean": 40.2130474642506,
          "std": 0.0,
          "n": 1
        },
        "completion_fraction": {
          "mean": 0.6,
          "std": 0.25495097567963926,
          "n": 5
        },
        "skip_count": {
          "mean": 3.2,
          "std": 0.7483314773547882,
          "n": 5
        },
        "cross_track_mean": {
          "mean": 0.028280800431355835,
          "std": 0.009391186832533266,