{
  "iter": 4,
  "tag": "iter04",
  "metric_version": "v2",
  "controllers": [
    "adaptive_navigator",
    "adaptive_navigator_baseline",
    "astar_navigator"
  ],
  "terrains": [
    "flat",
    "slope",
    "rough",
    "transition"
  ],
  "seeds": [
    42,
    43,
    44,
    45,
    46
  ],
  "results": {
    "flat": {
      "adaptive_navigator": {
        "success_rate": {
          "mean": 1.0,
          "std": 0.0,
          "n": 5
        },
        "path_efficiency": {
          "mean": 0.9269760238617767,
          "std": 0.054789915607658696,
          "n": 5
        },
        "time_to_goal": {
          "mean": 20.864,
          "std": 3.3525250185494513,
          "n": 5
        },
        "actual_path_length": {
          "mean": 30.209900218946963,
          "std": 5.573575284778072,
          "n": 5
        },
        "completion_fraction": {
          "mean": 1.0,
          "std": 0.0,
          "n": 5
        },
        "skip_count": {
          "mean": 13.6,
          "std": 1.8547236990991407,
          "n": 5
        },
        "cross_track_mean": {
          "mean": 0.1107466577402944,
          "std": 0.018584915410597473,
          "n": 5
        },
        "cross_track_max": {
          "mean": 0.788297061435917,
          "std": 0.23220177596524044,
          "n": 5
        },
        "classification_accuracy": {
          "mean": 0.9822064056939501,
          "std": 0.011695143576622774,
          "n": 5
        },
        "energy_proxy": {
          "mean": 28825.600000000042,
          "std": 134.60829573247096,
          "n": 5
        },
        "replan_count": {
          "mean": 6.8,
          "std": 3.4871191548325386,
          "n": 5
        }
      },
      "adaptive_navigator_baseline": {
        "success_rate": {
          "mean": 1.0,
          "std": 0.0,
          "n": 5
        },
        "path_efficiency": {
          "mean": 0.9366492263450299,
          "std": 0.0420706220278729,
          "n": 5
        },
        "time_to_goal": {
          "mean": 18.624000000000002,
          "std": 3.588568516832304,
          "n": 5
        },
        "actual_path_length": {
          "mean": 30.21318416555195,
          "std": 6.326794900298417,
          "n": 5
        },
        "completion_fraction": {
          "mean": 1.0,
          "std": 0.0,
          "n": 5
        },
        "skip_count": {
          "mean": 748.8,
          "std": 425.73860524974714,
          "n": 5
        },
        "cross_track_mean": {
          "mean": 0.09496657402478313,
          "std": 0.02262525421668279,
          "n": 5
        },
        "cross_track_max": {
          "mean": 0.47391999999999995,
          "std": 0.09140491015257331,
          "n": 5
        },
        "classification_accuracy": {
          "mean": 0.9750597060279714,
          "std": 0.027428635960152034,
          "n": 5
        },
        "energy_proxy": {
          "mean": 2841684.2239992293,
          "std": 114290.13992842512,
          "n": 5
        },
        "replan_count": {
          "mean": 98.0,
          "std": 194.50141387660915,
          "n": 5
        }
      },
      "astar_navigator": {
        "success_rate": {
          "mean": 1.0,
          "std": 0.0,
          "n": 5
        },
        "path_efficiency": {
          "mean": 0.9294763788914864,
          "std": 0.039598395923389186,
          "n": 5
        },
        "time_to_goal": {
          "mean": 18.752000000000002,
          "std": 3.5321970499959368,
          "n": 5
        },
        "actual_path_length": {
          "mean": 30.385148061364816,
          "std": 6.201765256737933,
          "n": 5
        },
        "completion_fraction": {
          "mean": 1.0,
          "std": 0.0,
          "n": 5
        },
        "skip_count": {
          "mean": 741.0,
          "std": 137.0007299250628,
          "n": 5
        },
        "cross_track_mean": {
          "mean": 0.09511763514315677,
          "std": 0.022085531171550477,
          "n": 5
        },
        "cross_track_max": {
          "mean": 0.47178,
          "std": 0.09712417618698238,
          "n": 5
        },
        "classification_accuracy": {
          "mean": 0.977440875787223,
          "std": 0.02132723538103558,
          "n": 5
        },
        "energy_proxy": {
          "mean": 2160757.248000202,
          "std": 73596.11213251807,
          "n": 5
        },
        "replan_count": {
          "mean": 67.4,
          "std": 133.80074738206812,
          "n": 5
        }
      }
    },
    "slope": {
      "adaptive_navigator": {
        "success_rate": {
          "mean": 1.0,
          "std": 0.0,
          "n": 5
        },
        "path_efficiency": {
          "mean": 0.8146241041477392,
          "std": 0.07945007815244651,
          "n": 5
        },
        "time_to_goal": {
          "mean": 31.68,
          "std": 10.645953221764596,
          "n": 5
        },
        "actual_path_length": {
          "mean": 35.431196265869886,
          "std": 10.043852790714615,
          "n": 5
        },
        "completion_fraction": {
          "mean": 1.0,
          "std": 0.0,
          "n": 5
        },
        "skip_count": {
          "mean": 11.0,
          "std": 2.5298221281347035,
          "n": 5
        },
        "cross_track_mean": {
          "mean": 0.09072990351062384,
          "std": 0.029881740096803774,
          "n": 5
        },
        "cross_track_max": {
          "mean": 0.80992,
          "std": 0.21517237183244514,
          "n": 5
        },
        "classification_accuracy": {
          "mean": 0.30391459074733096,
          "std": 0.1396650943228355,
          "n": 5
        },
        "energy_proxy": {
          "mean": 26111.616000000016,
          "std": 1203.1408904629743,
          "n": 5
        },
        "replan_count": {
          "mean": 3.6,
          "std": 2.870540018881465,
          "n": 5
        }
      },
      "adaptive_navigator_baseline": {
        "success_rate": {
          "mean": 0.6,
          "std": 0.0,
          "n": 5
        },
        "path_efficiency": {
          "mean": 0.8842375189715644,
          "std": 0.04190157145729689,
          "n": 3
        },
        "time_to_goal": {
          "mean": 25.813333333333333,
          "std": 5.678434839127963,
          "n": 3
        },
        "actual_path_length": {
          "mean": 29.879034026815116,
          "std": 7.396599047142035,
          "n": 3
        },
        "completion_fraction": {
          "mean": 0.75,
          "std": 0.31622776601683794,
          "n": 5
        },
        "skip_count": {
          "mean": 7.6,
          "std": 11.80847153530041,
          "n": 5
        },
        "cross_track_mean": {
          "mean": 0.002618949252732942,
          "std": 0.003441453978382047,
          "n": 5
        },
        "cross_track_max": {
          "mean": 0.47263706143591716,
          "std": 0.18269364224940995,
          "n": 5
        },
        "classification_accuracy": {
          "mean": 0.0,
          "std": 0.0,
          "n": 5
        },
        "energy_proxy": {
          "mean": 1442309.1200005326,
          "std": 30875.393996324903,
          "n": 5
        },
        "replan_count": {
          "mean": 2.0,
          "std": 3.521363372331802,
          "n": 5
        }
      },
      "astar_navigator": {
        "success_rate": {
          "mean": 0.4,
          "std": 0.0,
          "n": 5
        },
        "path_efficiency": {
          "mean": 0.8254977870943482,
          "std": 0.17450221290565182,
          "n": 2
        },
        "time_to_goal": {
          "mean": 48.32,
          "std": 20.160000000000004,
          "n": 2
        },
        "actual_path_length": {
          "mean": 43.531272084832736,
          "std": 9.247770889861716,
          "n": 2
        },
        "completion_fraction": {
          "mean": 0.7,
          "std": 0.2449489742783178,
          "n": 5
        },