{
  "iter": 6,
  "tag": "iter06",
  "metric_version": "v2",
  "controllers": [
    "adaptive_navigator",
    "adaptive_navigator_baseline",
    "astar_navigator"
  ],
  "terrains": [
    "flat",
    "slope",
    "rough",
    "transition"
  ],
  "seeds": [
    42,
    43,
    44,
    45,
    46
  ],
  "results": {
    "flat": {
      "adaptive_navigator": {
        "success_rate": {
          "mean": 1.0,
          "std": 0.0,
          "n": 5
        },
        "path_efficiency": {
          "mean": 0.9270608555901877,
          "std": 0.05460355707109804,
          "n": 5
        },
        "time_to_goal": {
          "mean": 20.864,
          "std": 3.3525250185494513,
          "n": 5
        },
        "actual_path_length": {
          "mean": 30.22756627809843,
          "std": 5.591445674169107,
          "n": 5
        },
        "completion_fraction": {
          "mean": 1.0,
          "std": 0.0,
          "n": 5
        },
        "skip_count": {
          "mean": 13.4,
          "std": 2.0591260281974,
          "n": 5
        },
        "cross_track_mean": {
          "mean": 0.11325680059743723,
          "std": 0.020956833745151515,
          "n": 5
        },
        "cross_track_max": {
          "mean": 0.8552541228718343,
          "std": 0.24658417546411884,
          "n": 5
        },
        "classification_accuracy": {
          "mean": 0.9843416370106762,
          "std": 0.011163264869294053,
          "n": 5
        },
        "energy_proxy": {
          "mean": 28850.176000000043,
          "std": 128.48649946200618,
          "n": 5
        },
        "replan_count": {
          "mean": 6.6,
          "std": 3.3823069050575527,
          "n": 5
        }
      },
      "adaptive_navigator_baseline": {
        "success_rate": {
          "mean": 0.2,
          "std": 0.0,
          "n": 5
        },
        "path_efficiency": {
          "mean": 0.9531890365648987,
          "std": 0.0,
          "n": 1
        },
        "time_to_goal": {
          "mean": 21.76,
          "std": 0.0,
          "n": 1
        },
        "actual_path_length": {
          "mean": 36.0901042676371,
          "std": 0.0,
          "n": 1
        },
        "completion_fraction": {
          "mean": 0.45,
          "std": 0.29154759474226505,
          "n": 5
        },
        "skip_count": {
          "mean": 302.2,
          "std": 24.636558201177372,
          "n": 5
        },
        "cross_track_mean": {
          "mean": 0.07865003562970228,
          "std": 4.5333791097840455e-05,
          "n": 5
        },
        "cross_track_max": {
          "mean": 0.5861799999999999,
          "std": 0.06334472037983908,
          "n": 5
        },
        "classification_accuracy": {
          "mean": 0.9946684879445401,
          "std": 0.006455461831789206,
          "n": 5
        },
        "energy_proxy": {
          "mean": 1311988.4800002226,
          "std": 4474.711502552055,
          "n": 5
        },
        "replan_count": {
          "mean": 1.4,
          "std": 0.4898979485566356,
          "n": 5
        }
      },
      "astar_navigator": {
        "success_rate": {
          "mean": 0.2,
          "std": 0.0,
          "n": 5
        },
        "path_efficiency": {
          "mean": 0.877404551960419,
          "std": 0.0,
          "n": 1
        },
        "time_to_goal": {
          "mean": 24.0,
          "std": 0.0,
          "n": 1
        },
        "actual_path_length": {
          "mean": 39.20733217024342,
          "std": 0.0,
          "n": 1
        },
        "completion_fraction": {
          "mean": 0.55,
          "std": 0.2449489742783178,
          "n": 5
        },
        "skip_count": {
          "mean": 75.8,
          "std": 4.261455150532503,
          "n": 5
        },
        "cross_track_mean": {
          "mean": 0.12423360462725438,
          "std": 0.00028862360391716704,
          "n": 5
        },
        "cross_track_max": {
          "mean": 0.6619200000000001,
          "std": 0.005876529588115755,
          "n": 5
        },
        "classification_accuracy": {
          "mean": 0.9961709124940576,
          "std": 0.006439195614728935,
          "n": 5
        },
        "energy_proxy": {
          "mean": 336237.88800000167,
          "std": 1780.0960000003568,
          "n": 5
        },
        "replan_count": {
          "mean": 60.6,
          "std": 12.370933675353692,
          "n": 5
        }
      }
    },
    "slope": {
      "adaptive_navigator": {
        "success_rate": {
          "mean": 0.8,
          "std": 0.0,
          "n": 5
        },
        "path_efficiency": {
          "mean": 0.8757575487300527,
          "std": 0.04877836753220519,
          "n": 4
        },
        "time_to_goal": {
          "mean": 24.080000000000002,
          "std": 2.9186298155127517,
          "n": 4
        },
        "actual_path_length": {
          "mean": 30.48468920872832,
          "std": 6.2989664424772736,
          "n": 4
        },
        "completion_fraction": {
          "mean": 0.95,
          "std": 0.09999999999999999,
          "n": 5
        },
        "skip_count": {
          "mean": 8.6,
          "std": 3.826225293941798,
          "n": 5
        },
        "cross_track_mean": {
          "mean": 0.09756157581685124,
          "std": 0.021278563605601767,
          "n": 5
        },
        "cross_track_max": {
          "mean": 0.8077400000000001,
          "std": 0.20582756472348399,
          "n": 5
        },
        "classification_accuracy": {
          "mean": 0.36939501779359435,
          "std": 0.1966062539002938,
          "n": 5
        },
        "energy_proxy": {
          "mean": 26356.608000000015,
          "std": 618.2771533349801,
          "n": 5
        },
        "replan_count": {
          "mean": 3.2,
          "std": 1.7204650534085253,
          "n": 5
        }
      },
      "adaptive_navigator_baseline": {
        "success_rate": {
          "mean": 0.2,
          "std": 0.0,
          "n": 5
        },
        "path_efficiency": {
          "mean": 0.9236014130942989,
          "std": 0.0,
          "n": 1
        },
        "time_to_goal": {
          "mean": 32.0,
          "std": 0.0,
          "n": 1
        },
        "actual_path_length": {
          "mean": 37.24625279767027,
          "std": 0.0,
          "n": 1
        },
        "completion_fraction": {
          "mean": 0.3,
          "std": 0.36742346141747667,
          "n": 5
        },
        "skip_count": {
          "mean": 63.4,
          "std": 77.49993548384411,
          "n": 5
        },
        "cross_track_mean": {
          "mean": 0.024840181878461678,
          "std": 0.029872174609387507,
          "n": 5
        },
        "cross_track_max": {
          "mean": 0.47912,
          "std": 0.06299820314897876,
          "n": 5
        },
        "classification_accuracy": {
          "mean": 0.0,
          "std": 0.0,
          "n": 5
        },
        "energy_proxy": {
          "mean": 715610.1120001394,
          "std": 10614.89260064853,
          "n": 5
        },
        "replan_count": {
          "mean": 0.6,
          "std": 0.48989794855663565,
          "n": 5
        }
      },
      "astar_navigator": {
        "success_rate": {
          "mean": 0.2,
          "std": 0.0,
          "n": 5
        },
        "path_efficiency": {
          "mean": 0.8554609482650616,
          "std": 0.0,
          "n": 1
        },
        "time_to_goal": {
          "mean": 32.32,
          "std": 0.0,
          "n": 1
        },
        "actual_path_length": {
          "mean": 40.2130474642506,
          "std": 0.0,
          "n": 1
        },
        "completion_fraction": {
          "mean": 0.6,
          "std": 0.25495097567963926,
          "n": 5
        },
        "skip_count": {
          "mean": 3.2,
          "std": 0.7483314773547882,
          "n": 5
        },
        "cross_track_mean": {
          "mean": 0.027620559460166443,