{
  "iter": 19,
  "tag": "iter19",
  "metric_version": "v2",
  "controllers": [
    "adaptive_navigator",
    "adaptive_navigator_baseline",
    "astar_navigator"
  ],
  "terrains": [
    "flat",
    "slope",
    "rough",
    "transition"
  ],
  "seeds": [
    42,
    43,
    44,
    45,
    46
  ],
  "results": {
    "flat": {
      "adaptive_navigator": {
        "success_rate": {
          "mean": 1.0,
          "std": 0.0,
          "n": 5
        },
        "path_efficiency": {
          "mean": 0.9321225749093914,
          "std": 0.054012727638270884,
          "n": 5
        },
        "time_to_goal": {
          "mean": 20.991999999999997,
          "std": 3.2921142143005913,
          "n": 5
        },
        "actual_path_length": {
          "mean": 29.987953973883485,
          "std": 5.53046943726517,
          "n": 5
        },
        "completion_fraction": {
          "mean": 1.0,
          "std": 0.0,
          "n": 5
        },
        "skip_count": {
          "mean": 14.8,
          "std": 3.7094473981982814,
          "n": 5
        },
        "cross_track_mean": {
          "mean": 0.11834957581685124,
          "std": 0.030842089913961222,
          "n": 5
        },
        "cross_track_max": {
          "mean": 0.82714,
          "std": 0.24356875497485303,
          "n": 5
        },
        "classification_accuracy": {
          "mean": 0.9864768683274022,
          "std": 0.008832507933089599,
          "n": 5
        },
        "energy_proxy": {
          "mean": 28886.65600000004,
          "std": 93.57456611708093,
          "n": 5
        },
        "replan_count": {
          "mean": 7.4,
          "std": 3.9293765408777004,
          "n": 5
        }
      },
      "adaptive_navigator_baseline": {
        "success_rate": {
          "mean": 0.2,
          "std": 0.0,
          "n": 5
        },
        "path_efficiency": {
          "mean": 0.9529035696254875,
          "std": 0.0,
          "n": 1
        },
        "time_to_goal": {
          "mean": 21.76,
          "std": 0.0,
          "n": 1
        },
        "actual_path_length": {
          "mean": 36.10091599291206,
          "std": 0.0,
          "n": 1
        },
        "completion_fraction": {
          "mean": 0.45,
          "std": 0.29154759474226505,
          "n": 5
        },
        "skip_count": {
          "mean": 290.2,
          "std": 12.967652061957862,
          "n": 5
        },
        "cross_track_mean": {
          "mean": 0.0785186066281018,
          "std": 0.00025052322855833627,
          "n": 5
        },
        "cross_track_max": {
          "mean": 0.5959399999999999,
          "std": 0.06427057180389796,
          "n": 5
        },
        "classification_accuracy": {
          "mean": 0.9913809218571933,
          "std": 0.01157574467457525,
          "n": 5
        },
        "energy_proxy": {
          "mean": 1298622.208000212,
          "std": 11294.905314173282,
          "n": 5
        },
        "replan_count": {
          "mean": 1.4,
          "std": 0.4898979485566356,
          "n": 5
        }
      },
      "astar_navigator": {
        "success_rate": {
          "mean": 0.2,
          "std": 0.0,
          "n": 5
        },
        "path_efficiency": {
          "mean": 0.8770756689239845,
          "std": 0.0,
          "n": 1
        },
        "time_to_goal": {
          "mean": 24.0,
          "std": 0.0,
          "n": 1
        },
        "actual_path_length": {
          "mean": 39.22203401058801,
          "std": 0.0,
          "n": 1
        },
        "completion_fraction": {
          "mean": 0.55,
          "std": 0.2449489742783178,
          "n": 5
        },
        "skip_count": {
          "mean": 79.6,
          "std": 4.409081537009721,
          "n": 5
        },
        "cross_track_mean": {
          "mean": 0.12392737716172406,
          "std": 0.00030193302290997003,
          "n": 5
        },
        "cross_track_max": {
          "mean": 0.66368,
          "std": 0.006172325331672038,
          "n": 5
        },
        "classification_accuracy": {
          "mean": 0.9960147396308556,
          "std": 0.007221531899452336,
          "n": 5
        },
        "energy_proxy": {
          "mean": 346900.41600000265,
          "std": 3433.2712544957726,
          "n": 5
        },
        "replan_count": {
          "mean": 63.4,
          "std": 11.689311356961968,
          "n": 5
        }
      }
    },
    "slope": {
      "adaptive_navigator": {
        "success_rate": {
          "mean": 1.0,
          "std": 0.0,
          "n": 5
        },
        "path_efficiency": {
          "mean": 0.7997232746851769,
          "std": 0.12233631660110313,
          "n": 5
        },
        "time_to_goal": {
          "mean": 38.976000000000006,
          "std": 21.305752838142098,
          "n": 5
        },
        "actual_path_length": {
          "mean": 37.09716333748467,
          "std": 13.122130623163832,
          "n": 5
        },
        "completion_fraction": {
          "mean": 1.0,
          "std": 0.0,
          "n": 5
        },
        "skip_count": {
          "mean": 9.2,
          "std": 3.370459909270543,
          "n": 5
        },
        "cross_track_mean": {
          "mean": 0.10299637202600868,
          "std": 0.017600258577872643,
          "n": 5
        },
        "cross_track_max": {
          "mean": 0.7948970614359172,
          "std": 0.2167641331908394,
          "n": 5
        },
        "classification_accuracy": {
          "mean": 0.41067615658362994,
          "std": 0.17347577293761943,
          "n": 5
        },
        "energy_proxy": {
          "mean": 26049.79200000001,
          "std": 662.5416691016585,
          "n": 5
        },
        "replan_count": {
          "mean": 4.6,
          "std": 2.0591260281974,
          "n": 5
        }
      },
      "adaptive_navigator_baseline": {
        "success_rate": {
          "mean": 0.2,
          "std": 0.0,
          "n": 5
        },
        "path_efficiency": {
          "mean": 0.9236014130942989,
          "std": 0.0,
          "n": 1
        },
        "time_to_goal": {
          "mean": 32.0,
          "std": 0.0,
          "n": 1
        },
        "actual_path_length": {
          "mean": 37.24625279767027,
          "std": 0.0,
          "n": 1
        },
        "completion_fraction": {
          "mean": 0.3,
          "std": 0.36742346141747667,
          "n": 5
        },
        "skip_count": {
          "mean": 63.2,
          "std": 77.23056389798018,
          "n": 5
        },
        "cross_track_mean": {
          "mean": 0.0248516371901431,
          "std": 0.02987751392230307,
          "n": 5
        },
        "cross_track_max": {
          "mean": 0.47912,
          "std": 0.06299820314897876,
          "n": 5
        },
        "classification_accuracy": {
          "mean": 0.0,
          "std": 0.0,
          "n": 5
        },
        "energy_proxy": {
          "mean": 707958.2720001338,
          "std": 10029.75756419691,
          "n": 5
        },
        "replan_count": {
          "mean": 0.6,
          "std": 0.48989794855663565,
          "n": 5
        }
      },
      "astar_navigator": {
        "success_rate": {
          "mean": 0.2,
          "std": 0.0,
          "n": 5
        },
        "path_efficiency": {
          "mean": 0.8554609482650616,
          "std": 0.0,
          "n": 1
        },
        "time_to_goal": {
          "mean": 32.32,
          "std": 0.0,
          "n": 1
        },
        "actual_path_length": {
          "mean": 40.2130474642506,
          "std": 0.0,
          "n": 1
        },
        "completion_fraction": {
          "mean": 0.6,
          "std": 0.25495097567963926,
          "n": 5
        },
        "skip_count": {
          "mean": 3.2,
          "std": 0.7483314773547882,
          "n": 5
        },
        "cross_track_mean": {
          "mean": 0.027505505300020626,
          "std": 0.009067397176813484,