{
  "iter": 17,
  "tag": "iter17",
  "metric_version": "v2",
  "controllers": [
    "adaptive_navigator",
    "adaptive_navigator_baseline",
    "astar_navigator"
  ],
  "terrains": [
    "flat",
    "slope",
    "rough",
    "transition"
  ],
  "seeds": [
    42,
    43,
    44,
    45,
    46
  ],
  "results": {
    "flat": {
      "adaptive_navigator": {
        "success_rate": {
          "mean": 1.0,
          "std": 0.0,
          "n": 5
        },
        "path_efficiency": {
          "mean": 0.9134513886623201,
          "std": 0.08272886453138215,
          "n": 5
        },
        "time_to_goal": {
          "mean": 21.312000000000005,
          "std": 2.9716958121584383,
          "n": 5
        },
        "actual_path_length": {
          "mean": 30.560336378071916,
          "std": 4.782713605455721,
          "n": 5
        },
        "completion_fraction": {
          "mean": 1.0,
          "std": 0.0,
          "n": 5
        },
        "skip_count": {
          "mean": 13.4,
          "std": 2.244994432064365,
          "n": 5
        },
        "cross_track_mean": {
          "mean": 0.1146080148831515,
          "std": 0.0257468381113194,
          "n": 5
        },
        "cross_track_max": {
          "mean": 0.7414570614359174,
          "std": 0.2745731243852526,
          "n": 5
        },
        "classification_accuracy": {
          "mean": 0.9864768683274022,
          "std": 0.00792564322111037,
          "n": 5
        },
        "energy_proxy": {
          "mean": 28876.608000000044,
          "std": 89.4470923842702,
          "n": 5
        },
        "replan_count": {
          "mean": 5.4,
          "std": 3.4985711369071804,
          "n": 5
        }
      },
      "adaptive_navigator_baseline": {
        "success_rate": {
          "mean": 0.2,
          "std": 0.0,
          "n": 5
        },
        "path_efficiency": {
          "mean": 0.9529035696254875,
          "std": 0.0,
          "n": 1
        },
        "time_to_goal": {
          "mean": 21.76,
          "std": 0.0,
          "n": 1
        },
        "actual_path_length": {
          "mean": 36.10091599291206,
          "std": 0.0,
          "n": 1
        },
        "completion_fraction": {
          "mean": 0.45,
          "std": 0.29154759474226505,
          "n": 5
        },
        "skip_count": {
          "mean": 284.2,
          "std": 12.039933554633928,
          "n": 5
        },
        "cross_track_mean": {
          "mean": 0.07852115067344201,
          "std": 0.00026911822706844726,
          "n": 5
        },
        "cross_track_max": {
          "mean": 0.5959399999999999,
          "std": 0.06427057180389796,
          "n": 5
        },
        "classification_accuracy": {
          "mean": 0.9913580355459459,
          "std": 0.011597688634274902,
          "n": 5
        },
        "energy_proxy": {
          "mean": 1271631.6160001901,
          "std": 6616.782007167688,
          "n": 5
        },
        "replan_count": {
          "mean": 1.4,
          "std": 0.4898979485566356,
          "n": 5
        }
      },
      "astar_navigator": {
        "success_rate": {
          "mean": 0.2,
          "std": 0.0,
          "n": 5
        },
        "path_efficiency": {
          "mean": 0.8770756689239845,
          "std": 0.0,
          "n": 1
        },
        "time_to_goal": {
          "mean": 24.0,
          "std": 0.0,
          "n": 1
        },
        "actual_path_length": {
          "mean": 39.22203401058801,
          "std": 0.0,
          "n": 1
        },
        "completion_fraction": {
          "mean": 0.55,
          "std": 0.2449489742783178,
          "n": 5
        },
        "skip_count": {
          "mean": 77.6,
          "std": 4.498888751680797,
          "n": 5
        },
        "cross_track_mean": {
          "mean": 0.12383713715728831,
          "std": 0.0002906460991628157,
          "n": 5
        },
        "cross_track_max": {
          "mean": 0.66368,
          "std": 0.006172325331672038,
          "n": 5
        },
        "classification_accuracy": {
          "mean": 0.9959391868939893,
          "std": 0.007350295339579525,
          "n": 5
        },
        "energy_proxy": {
          "mean": 336436.9280000017,
          "std": 2842.862707556956,
          "n": 5
        },
        "replan_count": {
          "mean": 61.6,
          "std": 11.038115781237304,
          "n": 5
        }
      }
    },
    "slope": {
      "adaptive_navigator": {
        "success_rate": {
          "mean": 0.8,
          "std": 0.0,
          "n": 5
        },
        "path_efficiency": {
          "mean": 0.8779749695347305,
          "std": 0.07160653797560391,
          "n": 4
        },
        "time_to_goal": {
          "mean": 26.080000000000002,
          "std": 3.106638054231616,
          "n": 4
        },
        "actual_path_length": {
          "mean": 32.07057056668033,
          "std": 6.238781270273558,
          "n": 4
        },
        "completion_fraction": {
          "mean": 0.9,
          "std": 0.20000000000000004,
          "n": 5
        },
        "skip_count": {
          "mean": 10.2,
          "std": 2.9257477676655586,
          "n": 5
        },
        "cross_track_mean": {
          "mean": 0.07343469971978127,
          "std": 0.04327409370575283,
          "n": 5
        },
        "cross_track_max": {
          "mean": 0.72758,
          "std": 0.24207353758723812,
          "n": 5
        },
        "classification_accuracy": {
          "mean": 0.21779359430604983,
          "std": 0.14047521508297556,
          "n": 5
        },
        "energy_proxy": {
          "mean": 26879.80800000003,
          "std": 1390.6569646091853,
          "n": 5
        },
        "replan_count": {
          "mean": 3.6,
          "std": 3.2619012860600183,
          "n": 5
        }
      },
      "adaptive_navigator_baseline": {
        "success_rate": {
          "mean": 0.2,
          "std": 0.0,
          "n": 5
        },
        "path_efficiency": {
          "mean": 0.9236014130942989,
          "std": 0.0,
          "n": 1
        },
        "time_to_goal": {
          "mean": 32.0,
          "std": 0.0,
          "n": 1
        },
        "actual_path_length": {
          "mean": 37.24625279767027,
          "std": 0.0,
          "n": 1
        },
        "completion_fraction": {
          "mean": 0.3,
          "std": 0.36742346141747667,
          "n": 5
        },
        "skip_count": {
          "mean": 62.2,
          "std": 76.21653363936201,
          "n": 5
        },
        "cross_track_mean": {
          "mean": 0.02484800615106917,
          "std": 0.029870258074736145,
          "n": 5
        },
        "cross_track_max": {
          "mean": 0.47912,
          "std": 0.06299820314897876,
          "n": 5
        },
        "classification_accuracy": {
          "mean": 0.0,
          "std": 0.0,
          "n": 5
        },
        "energy_proxy": {
          "mean": 701523.2000001289,
          "std": 8023.944893455834,
          "n": 5
        },
        "replan_count": {
          "mean": 0.6,
          "std": 0.48989794855663565,
          "n": 5
        }
      },
      "astar_navigator": {
        "success_rate": {
          "mean": 0.2,
          "std": 0.0,
          "n": 5
        },
        "path_efficiency": {
          "mean": 0.8554609482650616,
          "std": 0.0,
          "n": 1
        },
        "time_to_goal": {
          "mean": 32.32,
          "std": 0.0,
          "n": 1
        },
        "actual_path_length": {
          "mean": 40.2130474642506,
          "std": 0.0,
          "n": 1
        },
        "completion_fraction": {
          "mean": 0.6,
          "std": 0.25495097567963926,
          "n": 5
        },
        "skip_count": {
          "mean": 3.2,
          "std": 0.7483314773547882,
          "n": 5
        },
        "cross_track_mean": {
          "mean": 0.02779102860400634,