{
  "iter": 12,
  "tag": "iter12",
  "metric_version": "v2",
  "controllers": [
    "adaptive_navigator",
    "adaptive_navigator_baseline",
    "astar_navigator"
  ],
  "terrains": [
    "flat",
    "slope",
    "rough",
    "transition"
  ],
  "seeds": [
    42,
    43,
    44,
    45,
    46
  ],
  "results": {
    "flat": {
      "adaptive_navigator": {
        "success_rate": {
          "mean": 1.0,
          "std": 0.0,
          "n": 5
        },
        "path_efficiency": {
          "mean": 0.9269760238617767,
          "std": 0.054789915607658696,
          "n": 5
        },
        "time_to_goal": {
          "mean": 20.864,
          "std": 3.3525250185494513,
          "n": 5
        },
        "actual_path_length": {
          "mean": 30.209900218946963,
          "std": 5.573575284778072,
          "n": 5
        },
        "completion_fraction": {
          "mean": 1.0,
          "std": 0.0,
          "n": 5
        },
        "skip_count": {
          "mean": 13.2,
          "std": 2.3151673805580453,
          "n": 5
        },
        "cross_track_mean": {
          "mean": 0.11116008631172294,
          "std": 0.01814814166204199,
          "n": 5
        },
        "cross_track_max": {
          "mean": 0.7904141228718344,
          "std": 0.23201969577311427,
          "n": 5
        },
        "classification_accuracy": {
          "mean": 0.9822064056939501,
          "std": 0.010556866173801666,
          "n": 5
        },
        "energy_proxy": {
          "mean": 28831.16800000004,
          "std": 120.1325518583548,
          "n": 5
        },
        "replan_count": {
          "mean": 6.6,
          "std": 3.32264954516723,
          "n": 5
        }
      },
      "adaptive_navigator_baseline": {
        "success_rate": {
          "mean": 0.2,
          "std": 0.0,
          "n": 5
        },
        "path_efficiency": {
          "mean": 0.9529035696254875,
          "std": 0.0,
          "n": 1
        },
        "time_to_goal": {
          "mean": 21.76,
          "std": 0.0,
          "n": 1
        },
        "actual_path_length": {
          "mean": 36.10091599291206,
          "std": 0.0,
          "n": 1
        },
        "completion_fraction": {
          "mean": 0.45,
          "std": 0.29154759474226505,
          "n": 5
        },
        "skip_count": {
          "mean": 295.8,
          "std": 12.351518125315609,
          "n": 5
        },
        "cross_track_mean": {
          "mean": 0.07850239994855243,
          "std": 0.000265540079809675,
          "n": 5
        },
        "cross_track_max": {
          "mean": 0.5959399999999999,
          "std": 0.06427057180389796,
          "n": 5
        },
        "classification_accuracy": {
          "mean": 0.9913880455499704,
          "std": 0.011571277192822648,
          "n": 5
        },
        "energy_proxy": {
          "mean": 1322805.2480002288,
          "std": 11180.584913976412,
          "n": 5
        },
        "replan_count": {
          "mean": 1.4,
          "std": 0.4898979485566356,
          "n": 5
        }
      },
      "astar_navigator": {
        "success_rate": {
          "mean": 0.2,
          "std": 0.0,
          "n": 5
        },
        "path_efficiency": {
          "mean": 0.8770756689239845,
          "std": 0.0,
          "n": 1
        },
        "time_to_goal": {
          "mean": 24.0,
          "std": 0.0,
          "n": 1
        },
        "actual_path_length": {
          "mean": 39.22203401058801,
          "std": 0.0,
          "n": 1
        },
        "completion_fraction": {
          "mean": 0.55,
          "std": 0.2449489742783178,
          "n": 5
        },
        "skip_count": {
          "mean": 78.2,
          "std": 4.354308211415448,
          "n": 5
        },
        "cross_track_mean": {
          "mean": 0.12390106166135298,
          "std": 0.0003480345937375019,
          "n": 5
        },
        "cross_track_max": {
          "mean": 0.66368,
          "std": 0.006172325331672038,
          "n": 5
        },
        "classification_accuracy": {
          "mean": 0.9960028532505538,
          "std": 0.007231322254941545,
          "n": 5
        },
        "energy_proxy": {
          "mean": 340356.0320000021,
          "std": 2941.3524624054608,
          "n": 5
        },
        "replan_count": {
          "mean": 62.0,
          "std": 11.224972160321824,
          "n": 5
        }
      }
    },
    "slope": {
      "adaptive_navigator_baseline": {
        "success_rate": {
          "mean": 0.2,
          "std": 0.0,
          "n": 5
        },
        "path_efficiency": {
          "mean": 0.9236014130942989,
          "std": 0.0,
          "n": 1
        },
        "time_to_goal": {
          "mean": 32.0,
          "std": 0.0,
          "n": 1
        },
        "actual_path_length": {
          "mean": 37.24625279767027,
          "std": 0.0,
          "n": 1
        },
        "completion_fraction": {
          "mean": 0.3,
          "std": 0.36742346141747667,
          "n": 5
        },
        "skip_count": {
          "mean": 55.8,
          "std": 80.06597279743748,
          "n": 5
        },
        "cross_track_mean": {
          "mean": 0.025114371769422716,
          "std": 0.02967176110293613,
          "n": 5
        },
        "cross_track_max": {
          "mean": 0.47912,
          "std": 0.06299820314897876,
          "n": 5
        },
        "classification_accuracy": {
          "mean": 0.0,
          "std": 0.0,
          "n": 5
        },
        "energy_proxy": {
          "mean": 464215.8080000382,
          "std": 195591.02466740253,
          "n": 5
        },
        "replan_count": {
          "mean": 0.6,
          "std": 0.48989794855663565,
          "n": 5
        }
      },
      "astar_navigator": {
        "success_rate": {
          "mean": 0.2,
          "std": 0.0,
          "n": 5
        },
        "path_efficiency": {
          "mean": 0.8554609482650616,
          "std": 0.0,
          "n": 1
        },
        "time_to_goal": {
          "mean": 32.32,
          "std": 0.0,
          "n": 1
        },
        "actual_path_length": {
          "mean": 40.2130474642506,
          "std": 0.0,
          "n": 1
        },
        "completion_fraction": {
          "mean": 0.6,
          "std": 0.25495097567963926,
          "n": 5
        },
        "skip_count": {
          "mean": 3.2,
          "std": 0.7483314773547882,
          "n": 5
        },
        "cross_track_mean": {
          "mean": 0.02911841403158121,
          "std": 0.01000836514389772,
          "n": 5
        },
        "cross_track_max": {
          "mean": 0.5032970614359172,
          "std": 0.06603092757557451,
          "n": 5
        },
        "classification_accuracy": {
          "mean": 0.0,
          "std": 0.0,
          "n": 5
        },
        "energy_proxy": {
          "mean": 86817.0240000016,
          "std": 3175.9862256226706,
          "n": 5
        },
        "replan_count": {
          "mean": 0.6,
          "std": 0.7999999999999999,
          "n": 5
        }
      }
    },
    "rough": {
      "adaptive_navigator_baseline": {
        "success_rate": {
          "mean": 0.0,
          "std": 0.0,
          "n": 5
        },
        "path_efficiency": {
          "mean": null,
          "std": null,
          "n": 0
        },
        "time_to_goal": {
          "mean": null,
          "std": null,
          "n": 0
        },
        "actual_path_length": {
          "mean": null,
          "std": null,
          "n": 0
        },
        "completion_fraction": {
          "mean": 0.3,
          "std": 0.24494897427831783,
          "n": 5
        },
        "skip_count": {
          "mean": 1.8,
          "std": 1.32664991614216,
          "n": 5
        },
        "cross_track_mean": {
          "mean": 0.0068600596563822185,
          "std": 0.006759806810268831,
          "n": 5
        },