{
  "iter": 13,
  "tag": "iter13",
  "metric_version": "v2",
  "controllers": [
    "adaptive_navigator",
    "adaptive_navigator_baseline",
    "astar_navigator"
  ],
  "terrains": [
    "flat",
    "slope",
    "rough",
    "transition"
  ],
  "seeds": [
    42,
    43,
    44,
    45,
    46
  ],
  "results": {
    "flat": {
      "adaptive_navigator": {
        "success_rate": {
          "mean": 1.0,
          "std": 0.0,
          "n": 5
        },
        "path_efficiency": {
          "mean": 0.9299849795886862,
          "std": 0.054204521948197186,
          "n": 5
        },
        "time_to_goal": {
          "mean": 20.928,
          "std": 3.3720166073137894,
          "n": 5
        },
        "actual_path_length": {
          "mean": 30.236146150551082,
          "std": 5.621235789684,
          "n": 5
        },
        "completion_fraction": {
          "mean": 1.0,
          "std": 0.0,
          "n": 5
        },
        "skip_count": {
          "mean": 13.4,
          "std": 2.0591260281974,
          "n": 5
        },
        "cross_track_mean": {
          "mean": 0.11705337202600867,
          "std": 0.017518383854890105,
          "n": 5
        },
        "cross_track_max": {
          "mean": 0.7916341228718344,
          "std": 0.2728695888638646,
          "n": 5
        },
        "classification_accuracy": {
          "mean": 0.9857651245551601,
          "std": 0.01190975126738899,
          "n": 5
        },
        "energy_proxy": {
          "mean": 28872.128000000044,
          "std": 132.46169535378837,
          "n": 5
        },
        "replan_count": {
          "mean": 5.8,
          "std": 4.019950248448357,
          "n": 5
        }
      },
      "adaptive_navigator_baseline": {
        "success_rate": {
          "mean": 0.2,
          "std": 0.0,
          "n": 5
        },
        "path_efficiency": {
          "mean": 0.9529035696254875,
          "std": 0.0,
          "n": 1
        },
        "time_to_goal": {
          "mean": 21.76,
          "std": 0.0,
          "n": 1
        },
        "actual_path_length": {
          "mean": 36.10091599291206,
          "std": 0.0,
          "n": 1
        },
        "completion_fraction": {
          "mean": 0.45,
          "std": 0.29154759474226505,
          "n": 5
        },
        "skip_count": {
          "mean": 294.2,
          "std": 10.721940122944167,
          "n": 5
        },
        "cross_track_mean": {
          "mean": 0.07851263965229878,
          "std": 0.00026873163516324505,
          "n": 5
        },
        "cross_track_max": {
          "mean": 0.5959399999999999,
          "std": 0.06427057180389796,
          "n": 5
        },
        "classification_accuracy": {
          "mean": 0.9913599790965304,
          "std": 0.011627784164559424,
          "n": 5
        },
        "energy_proxy": {
          "mean": 1314742.7840002247,
          "std": 12188.866288975529,
          "n": 5
        },
        "replan_count": {
          "mean": 1.4,
          "std": 0.4898979485566356,
          "n": 5
        }
      },
      "astar_navigator": {
        "success_rate": {
          "mean": 0.2,
          "std": 0.0,
          "n": 5
        },
        "path_efficiency": {
          "mean": 0.8770756689239845,
          "std": 0.0,
          "n": 1
        },
        "time_to_goal": {
          "mean": 24.0,
          "std": 0.0,
          "n": 1
        },
        "actual_path_length": {
          "mean": 39.22203401058801,
          "std": 0.0,
          "n": 1
        },
        "completion_fraction": {
          "mean": 0.55,
          "std": 0.2449489742783178,
          "n": 5
        },
        "skip_count": {
          "mean": 77.6,
          "std": 4.498888751680797,
          "n": 5
        },
        "cross_track_mean": {
          "mean": 0.12387562249456471,
          "std": 0.0003638167420047162,
          "n": 5
        },
        "cross_track_max": {
          "mean": 0.66368,
          "std": 0.006172325331672038,
          "n": 5
        },
        "classification_accuracy": {
          "mean": 0.995958436788337,
          "std": 0.007308079854610264,
          "n": 5
        },
        "energy_proxy": {
          "mean": 337465.5360000018,
          "std": 6411.229356239898,
          "n": 5
        },
        "replan_count": {
          "mean": 61.8,
          "std": 10.943491216243562,
          "n": 5
        }
      }
    },
    "slope": {
      "adaptive_navigator": {
        "success_rate": {
          "mean": 0.8,
          "std": 0.0,
          "n": 5
        },
        "path_efficiency": {
          "mean": 0.845698144502296,
          "std": 0.11635516624085719,
          "n": 4
        },
        "time_to_goal": {
          "mean": 25.84,
          "std": 2.503118055545922,
          "n": 4
        },
        "actual_path_length": {
          "mean": 31.391845240798673,
          "std": 4.234283853116726,
          "n": 4
        },
        "completion_fraction": {
          "mean": 0.9,
          "std": 0.2,
          "n": 5
        },
        "skip_count": {
          "mean": 10.4,
          "std": 2.0591260281974,
          "n": 5
        },
        "cross_track_mean": {
          "mean": 0.09906645394945182,
          "std": 0.03795958604115412,
          "n": 5
        },
        "cross_track_max": {
          "mean": 0.7390970614359174,
          "std": 0.23946072071613456,
          "n": 5
        },
        "classification_accuracy": {
          "mean": 0.3145907473309609,
          "std": 0.12999021388543613,
          "n": 5
        },
        "energy_proxy": {
          "mean": 25267.520000000008,
          "std": 1460.4371878037207,
          "n": 5
        },
        "replan_count": {
          "mean": 4.8,
          "std": 3.7629775444453557,
          "n": 5
        }
      },
      "adaptive_navigator_baseline": {
        "success_rate": {
          "mean": 0.2,
          "std": 0.0,
          "n": 5
        },
        "path_efficiency": {
          "mean": 0.9236014130942989,
          "std": 0.0,
          "n": 1
        },
        "time_to_goal": {
          "mean": 32.0,
          "std": 0.0,
          "n": 1
        },
        "actual_path_length": {
          "mean": 37.24625279767027,
          "std": 0.0,
          "n": 1
        },
        "completion_fraction": {
          "mean": 0.3,
          "std": 0.36742346141747667,
          "n": 5
        },
        "skip_count": {
          "mean": 63.6,
          "std": 77.71898095060178,
          "n": 5
        },
        "cross_track_mean": {
          "mean": 0.02484046241119979,
          "std": 0.029873680263422926,
          "n": 5
        },
        "cross_track_max": {
          "mean": 0.47912,
          "std": 0.06299820314897876,
          "n": 5
        },
        "classification_accuracy": {
          "mean": 0.0,
          "std": 0.0,
          "n": 5
        },
        "energy_proxy": {
          "mean": 717178.1120001406,
          "std": 11005.928604374823,
          "n": 5
        },
        "replan_count": {
          "mean": 0.6,
          "std": 0.48989794855663565,
          "n": 5
        }
      },
      "astar_navigator": {
        "success_rate": {
          "mean": 0.2,
          "std": 0.0,
          "n": 5
        },
        "path_efficiency": {
          "mean": 0.8554609482650616,
          "std": 0.0,
          "n": 1
        },
        "time_to_goal": {
          "mean": 32.32,
          "std": 0.0,
          "n": 1
        },
        "actual_path_length": {
          "mean": 40.2130474642506,
          "std": 0.0,
          "n": 1
        },
        "completion_fraction": {
          "mean": 0.6,
          "std": 0.25495097567963926,
          "n": 5
        },
        "skip_count": {
          "mean": 3.2,
          "std": 0.7483314773547882,
          "n": 5
        },
        "cross_track_mean": {
          "mean": 0.027512660941303436,
          "std": 0.009031014377311386,