{
  "iter": 8,
  "tag": "iter08",
  "metric_version": "v2",
  "controllers": [
    "adaptive_navigator",
    "adaptive_navigator_baseline",
    "astar_navigator"
  ],
  "terrains": [
    "flat",
    "slope",
    "rough",
    "transition"
  ],
  "seeds": [
    42,
    43,
    44,
    45,
    46
  ],
  "results": {
    "flat": {
      "adaptive_navigator": {
        "success_rate": {
          "mean": 1.0,
          "std": 0.0,
          "n": 5
        },
        "path_efficiency": {
          "mean": 0.9269760238617767,
          "std": 0.054789915607658696,
          "n": 5
        },
        "time_to_goal": {
          "mean": 20.864,
          "std": 3.3525250185494513,
          "n": 5
        },
        "actual_path_length": {
          "mean": 30.209900218946963,
          "std": 5.573575284778072,
          "n": 5
        },
        "completion_fraction": {
          "mean": 1.0,
          "std": 0.0,
          "n": 5
        },
        "skip_count": {
          "mean": 13.2,
          "std": 2.3151673805580453,
          "n": 5
        },
        "cross_track_mean": {
          "mean": 0.11116008631172294,
          "std": 0.01814814166204199,
          "n": 5
        },
        "cross_track_max": {
          "mean": 0.7904141228718344,
          "std": 0.23201969577311427,
          "n": 5
        },
        "classification_accuracy": {
          "mean": 0.9822064056939501,
          "std": 0.010556866173801666,
          "n": 5
        },
        "energy_proxy": {
          "mean": 28831.16800000004,
          "std": 120.1325518583548,
          "n": 5
        },
        "replan_count": {
          "mean": 6.6,
          "std": 3.32264954516723,
          "n": 5
        }
      },
      "adaptive_navigator_baseline": {
        "success_rate": {
          "mean": 0.2,
          "std": 0.0,
          "n": 5
        },
        "path_efficiency": {
          "mean": 0.9529035696254875,
          "std": 0.0,
          "n": 1
        },
        "time_to_goal": {
          "mean": 21.76,
          "std": 0.0,
          "n": 1
        },
        "actual_path_length": {
          "mean": 36.10091599291206,
          "std": 0.0,
          "n": 1
        },
        "completion_fraction": {
          "mean": 0.45,
          "std": 0.29154759474226505,
          "n": 5
        },
        "skip_count": {
          "mean": 292.0,
          "std": 12.066482503198685,
          "n": 5
        },
        "cross_track_mean": {
          "mean": 0.07853082664936342,
          "std": 0.0002523338257398848,
          "n": 5
        },
        "cross_track_max": {
          "mean": 0.5959399999999999,
          "std": 0.06427057180389796,
          "n": 5
        },
        "classification_accuracy": {
          "mean": 0.9913796560065681,
          "std": 0.0115848075227157,
          "n": 5
        },
        "energy_proxy": {
          "mean": 1307879.1680002194,
          "std": 5975.571971524492,
          "n": 5
        },
        "replan_count": {
          "mean": 1.4,
          "std": 0.4898979485566356,
          "n": 5
        }
      },
      "astar_navigator": {
        "success_rate": {
          "mean": 0.2,
          "std": 0.0,
          "n": 5
        },
        "path_efficiency": {
          "mean": 0.8770756689239845,
          "std": 0.0,
          "n": 1
        },
        "time_to_goal": {
          "mean": 24.0,
          "std": 0.0,
          "n": 1
        },
        "actual_path_length": {
          "mean": 39.22203401058801,
          "std": 0.0,
          "n": 1
        },
        "completion_fraction": {
          "mean": 0.55,
          "std": 0.2449489742783178,
          "n": 5
        },
        "skip_count": {
          "mean": 78.8,
          "std": 3.9698866482558417,
          "n": 5
        },
        "cross_track_mean": {
          "mean": 0.12386409000719001,
          "std": 0.0005266686469130007,
          "n": 5
        },
        "cross_track_max": {
          "mean": 0.66368,
          "std": 0.006172325331672038,
          "n": 5
        },
        "classification_accuracy": {
          "mean": 0.9959698922531695,
          "std": 0.007308183277079461,
          "n": 5
        },
        "energy_proxy": {
          "mean": 345137.8560000025,
          "std": 1998.5391851612837,
          "n": 5
        },
        "replan_count": {
          "mean": 62.8,
          "std": 11.391224692718513,
          "n": 5
        }
      }
    },
    "slope": {
      "adaptive_navigator": {
        "success_rate": {
          "mean": 1.0,
          "std": 0.0,
          "n": 5
        },
        "path_efficiency": {
          "mean": 0.8136779686650921,
          "std": 0.07856171989289272,
          "n": 5
        },
        "time_to_goal": {
          "mean": 31.68,
          "std": 10.645953221764596,
          "n": 5
        },
        "actual_path_length": {
          "mean": 35.46690171177907,
          "std": 10.036150660600299,
          "n": 5
        },
        "completion_fraction": {
          "mean": 1.0,
          "std": 0.0,
          "n": 5
        },
        "skip_count": {
          "mean": 11.0,
          "std": 2.5298221281347035,
          "n": 5
        },
        "cross_track_mean": {
          "mean": 0.09191438252088038,
          "std": 0.03177851121961029,
          "n": 5
        },
        "cross_track_max": {
          "mean": 0.80512,
          "std": 0.21284694407014637,
          "n": 5
        },
        "classification_accuracy": {
          "mean": 0.296085409252669,
          "std": 0.13143963232442765,
          "n": 5
        },
        "energy_proxy": {
          "mean": 26175.29600000001,
          "std": 1199.7909390156474,
          "n": 5
        },
        "replan_count": {
          "mean": 4.0,
          "std": 3.40587727318528,
          "n": 5
        }
      },
      "adaptive_navigator_baseline": {
        "success_rate": {
          "mean": 0.2,
          "std": 0.0,
          "n": 5
        },
        "path_efficiency": {
          "mean": 0.9236014130942989,
          "std": 0.0,
          "n": 1
        },
        "time_to_goal": {
          "mean": 32.0,
          "std": 0.0,
          "n": 1
        },
        "actual_path_length": {
          "mean": 37.24625279767027,
          "std": 0.0,
          "n": 1
        },
        "completion_fraction": {
          "mean": 0.3,
          "std": 0.36742346141747667,
          "n": 5
        },
        "skip_count": {
          "mean": 63.6,
          "std": 77.71898095060178,
          "n": 5
        },
        "cross_track_mean": {
          "mean": 0.02484404272898989,
          "std": 0.0298674602731983,
          "n": 5
        },
        "cross_track_max": {
          "mean": 0.47912,
          "std": 0.06299820314897876,
          "n": 5
        },
        "classification_accuracy": {
          "mean": 0.0,
          "std": 0.0,
          "n": 5
        },
        "energy_proxy": {
          "mean": 709200.1280001347,
          "std": 12784.64393689315,
          "n": 5
        },
        "replan_count": {
          "mean": 0.6,
          "std": 0.48989794855663565,
          "n": 5
        }
      },
      "astar_navigator": {
        "success_rate": {
          "mean": 0.2,
          "std": 0.0,
          "n": 5
        },
        "path_efficiency": {
          "mean": 0.8554609482650616,
          "std": 0.0,
          "n": 1
        },
        "time_to_goal": {
          "mean": 32.32,
          "std": 0.0,
          "n": 1
        },
        "actual_path_length": {
          "mean": 40.2130474642506,
          "std": 0.0,
          "n": 1
        },
        "completion_fraction": {
          "mean": 0.6,
          "std": 0.25495097567963926,
          "n": 5
        },
        "skip_count": {
          "mean": 3.2,
          "std": 0.7483314773547882,
          "n": 5
        },
        "cross_track_mean": {
          "mean": 0.027678056248434686,
          "std": 0.009146626592678496,
          "n": 5
        },