{
  "iter": 1,
  "tag": "iter01",
  "metric_version": "v2",
  "controllers": [
    "adaptive_navigator",
    "adaptive_navigator_baseline",
    "astar_navigator"
  ],
  "terrains": [
    "flat",
    "slope",
    "rough",
    "transition"
  ],
  "seeds": [
    42,
    43,
    44,
    45,
    46
  ],
  "results": {
    "flat": {
      "adaptive_navigator": {
        "success_rate": {
          "mean": 1.0,
          "std": 0.0,
          "n": 5
        },
        "path_efficiency": {
          "mean": 0.9306801555089604,
          "std": 0.056767038324121125,
          "n": 5
        },
        "time_to_goal": {
          "mean": 20.672000000000004,
          "std": 3.1064732414749687,
          "n": 5
        },
        "actual_path_length": {
          "mean": 30.019055237138993,
          "std": 5.419970175359198,
          "n": 5
        },
        "completion_fraction": {
          "mean": 1.0,
          "std": 0.0,
          "n": 5
        },
        "skip_count": {
          "mean": 14.6,
          "std": 2.9393876913398134,
          "n": 5
        },
        "cross_track_mean": {
          "mean": 0.11430109680659468,
          "std": 0.02621138500689987,
          "n": 5
        },
        "cross_track_max": {
          "mean": 0.9054941228718345,
          "std": 0.28280256369777046,
          "n": 5
        },
        "classification_accuracy": {
          "mean": 0.9800711743772241,
          "std": 0.012450431092196367,
          "n": 5
        },
        "energy_proxy": {
          "mean": 28804.73600000004,
          "std": 143.06919075748092,
          "n": 5
        },
        "replan_count": {
          "mean": 7.2,
          "std": 3.762977544445356,
          "n": 5
        }
      },
      "adaptive_navigator_baseline": {
        "success_rate": {
          "mean": 1.0,
          "std": 0.0,
          "n": 5
        },
        "path_efficiency": {
          "mean": 0.9366492263450299,
          "std": 0.0420706220278729,
          "n": 5
        },
        "time_to_goal": {
          "mean": 18.624000000000002,
          "std": 3.588568516832304,
          "n": 5
        },
        "actual_path_length": {
          "mean": 30.21318416555195,
          "std": 6.326794900298417,
          "n": 5
        },
        "completion_fraction": {
          "mean": 1.0,
          "std": 0.0,
          "n": 5
        },
        "skip_count": {
          "mean": 804.4,
          "std": 454.3516699650173,
          "n": 5
        },
        "cross_track_mean": {
          "mean": 0.094951361223661,
          "std": 0.022609779417288305,
          "n": 5
        },
        "cross_track_max": {
          "mean": 0.47391999999999995,
          "std": 0.09140491015257331,
          "n": 5
        },
        "classification_accuracy": {
          "mean": 0.9750657417318737,
          "std": 0.027422730456376047,
          "n": 5
        },
        "energy_proxy": {
          "mean": 3139674.1119987927,
          "std": 236717.72228459918,
          "n": 5
        },
        "replan_count": {
          "mean": 108.8,
          "std": 216.1012725552536,
          "n": 5
        }
      },
      "astar_navigator": {
        "success_rate": {
          "mean": 1.0,
          "std": 0.0,
          "n": 5
        },
        "path_efficiency": {
          "mean": 0.9294763788914864,
          "std": 0.039598395923389186,
          "n": 5
        },
        "time_to_goal": {
          "mean": 18.752000000000002,
          "std": 3.5321970499959368,
          "n": 5
        },
        "actual_path_length": {
          "mean": 30.385148061364816,
          "std": 6.201765256737933,
          "n": 5
        },
        "completion_fraction": {
          "mean": 1.0,
          "std": 0.0,
          "n": 5
        },
        "skip_count": {
          "mean": 768.0,
          "std": 149.9933331851786,
          "n": 5
        },
        "cross_track_mean": {
          "mean": 0.09511293220737416,
          "std": 0.022073475407851973,
          "n": 5
        },
        "cross_track_max": {
          "mean": 0.47178,
          "std": 0.09712417618698238,
          "n": 5
        },
        "classification_accuracy": {
          "mean": 0.9773723338705842,
          "std": 0.021422317156244465,
          "n": 5
        },
        "energy_proxy": {
          "mean": 2237670.656000102,
          "std": 49089.65240639016,
          "n": 5
        },
        "replan_count": {
          "mean": 71.4,
          "std": 141.80070521686415,
          "n": 5
        }
      }
    },
    "slope": {
      "adaptive_navigator": {
        "success_rate": {
          "mean": 1.0,
          "std": 0.0,
          "n": 5
        },
        "path_efficiency": {
          "mean": 0.8348282318364166,
          "std": 0.08353458392112752,
          "n": 5
        },
        "time_to_goal": {
          "mean": 28.544,
          "std": 8.320984557130245,
          "n": 5
        },
        "actual_path_length": {
          "mean": 34.450061696265124,
          "std": 9.434431225508671,
          "n": 5
        },
        "completion_fraction": {
          "mean": 1.0,
          "std": 0.0,
          "n": 5
        },
        "skip_count": {
          "mean": 8.2,
          "std": 2.7129319932501073,
          "n": 5
        },
        "cross_track_mean": {
          "mean": 0.08014334257692415,
          "std": 0.030931965999438482,
          "n": 5
        },
        "cross_track_max": {
          "mean": 0.72974,
          "std": 0.21599026459542106,
          "n": 5
        },
        "classification_accuracy": {
          "mean": 0.4177935943060499,
          "std": 0.2017715137779414,
          "n": 5
        },
        "energy_proxy": {
          "mean": 26814.272000000026,
          "std": 852.5345231813303,
          "n": 5
        },
        "replan_count": {
          "mean": 3.4,
          "std": 2.727636339397171,
          "n": 5
        }
      },
      "adaptive_navigator_baseline": {
        "success_rate": {
          "mean": 0.6,
          "std": 0.0,
          "n": 5
        },
        "path_efficiency": {
          "mean": 0.8842375189715644,
          "std": 0.04190157145729689,
          "n": 3
        },
        "time_to_goal": {
          "mean": 25.813333333333333,
          "std": 5.678434839127963,
          "n": 3
        },
        "actual_path_length": {
          "mean": 29.879034026815116,
          "std": 7.396599047142035,
          "n": 3
        },
        "completion_fraction": {
          "mean": 0.75,
          "std": 0.31622776601683794,
          "n": 5
        },
        "skip_count": {
          "mean": 7.6,
          "std": 11.80847153530041,
          "n": 5
        },
        "cross_track_mean": {
          "mean": 0.0022785625800472403,
          "std": 0.00287102173966125,
          "n": 5
        },
        "cross_track_max": {
          "mean": 0.47263706143591716,
          "std": 0.18269364224940995,
          "n": 5
        },
        "classification_accuracy": {
          "mean": 0.0,
          "std": 0.0,
          "n": 5
        },
        "energy_proxy": {
          "mean": 1620910.5920006363,
          "std": 89552.40230278317,
          "n": 5
        },
        "replan_count": {
          "mean": 2.0,
          "std": 3.521363372331802,
          "n": 5
        }
      },
      "astar_navigator": {
        "success_rate": {
          "mean": 0.4,
          "std": 0.0,
          "n": 5
        },
        "path_efficiency": {
          "mean": 0.8254977870943482,
          "std": 0.17450221290565182,
          "n": 2
        },
        "time_to_goal": {
          "mean": 48.32,
          "std": 20.160000000000004,
          "n": 2
        },
        "actual_path_length": {
          "mean": 43.531272084832736,
          "std": 9.247770889861716,
          "n": 2
        },
        "completion_fraction": {
          "mean": 0.7,
          "std": 0.2449489742783178,
          "n": 5
        },