{
  "iter": 23,
  "tag": "iter23",
  "metric_version": "v2",
  "controllers": [
    "adaptive_navigator",
    "adaptive_navigator_baseline",
    "astar_navigator"
  ],
  "terrains": [
    "flat",
    "slope",
    "rough",
    "transition"
  ],
  "seeds": [
    42,
    43,
    44,
    45,
    46
  ],
  "results": {
    "flat": {
      "adaptive_navigator": {
        "success_rate": {
          "mean": 1.0,
          "std": 0.0,
          "n": 5
        },
        "path_efficiency": {
          "mean": 0.9321225749093914,
          "std": 0.054012727638270884,
          "n": 5
        },
        "time_to_goal": {
          "mean": 20.991999999999997,
          "std": 3.2921142143005913,
          "n": 5
        },
        "actual_path_length": {
          "mean": 29.987953973883485,
          "std": 5.53046943726517,
          "n": 5
        },
        "completion_fraction": {
          "mean": 1.0,
          "std": 0.0,
          "n": 5
        },
        "skip_count": {
          "mean": 14.8,
          "std": 3.7094473981982814,
          "n": 5
        },
        "cross_track_mean": {
          "mean": 0.11834957581685124,
          "std": 0.030842089913961222,
          "n": 5
        },
        "cross_track_max": {
          "mean": 0.82714,
          "std": 0.24356875497485303,
          "n": 5
        },
        "classification_accuracy": {
          "mean": 0.9864768683274022,
          "std": 0.008832507933089599,
          "n": 5
        },
        "energy_proxy": {
          "mean": 28886.65600000004,
          "std": 93.57456611708093,
          "n": 5
        },
        "replan_count": {
          "mean": 7.4,
          "std": 3.9293765408777004,
          "n": 5
        }
      },
      "adaptive_navigator_baseline": {
        "success_rate": {
          "mean": 0.2,
          "std": 0.0,
          "n": 5
        },
        "path_efficiency": {
          "mean": 0.9529035696254875,
          "std": 0.0,
          "n": 1
        },
        "time_to_goal": {
          "mean": 21.76,
          "std": 0.0,
          "n": 1
        },
        "actual_path_length": {
          "mean": 36.10091599291206,
          "std": 0.0,
          "n": 1
        },
        "completion_fraction": {
          "mean": 0.45,
          "std": 0.29154759474226505,
          "n": 5
        },
        "skip_count": {
          "mean": 296.2,
          "std": 12.237646832622683,
          "n": 5
        },
        "cross_track_mean": {
          "mean": 0.07852593131092386,
          "std": 0.00026559017902452877,
          "n": 5
        },
        "cross_track_max": {
          "mean": 0.5959399999999999,
          "std": 0.06427057180389796,
          "n": 5
        },
        "classification_accuracy": {
          "mean": 0.9913699091260921,
          "std": 0.011605522304165838,
          "n": 5
        },
        "energy_proxy": {
          "mean": 1324447.74400023,
          "std": 10338.247575129175,
          "n": 5
        },
        "replan_count": {
          "mean": 1.4,
          "std": 0.4898979485566356,
          "n": 5
        }
      },
      "astar_navigator": {
        "success_rate": {
          "mean": 0.2,
          "std": 0.0,
          "n": 5
        },
        "path_efficiency": {
          "mean": 0.8770756689239845,
          "std": 0.0,
          "n": 1
        },
        "time_to_goal": {
          "mean": 24.0,
          "std": 0.0,
          "n": 1
        },
        "actual_path_length": {
          "mean": 39.22203401058801,
          "std": 0.0,
          "n": 1
        },
        "completion_fraction": {
          "mean": 0.55,
          "std": 0.2449489742783178,
          "n": 5
        },
        "skip_count": {
          "mean": 81.0,
          "std": 4.47213595499958,
          "n": 5
        },
        "cross_track_mean": {
          "mean": 0.12385157739098392,
          "std": 0.0006146012494412765,
          "n": 5
        },
        "cross_track_max": {
          "mean": 0.66368,
          "std": 0.006172325331672038,
          "n": 5
        },
        "classification_accuracy": {
          "mean": 0.9960413831123152,
          "std": 0.007181253650629837,
          "n": 5
        },
        "energy_proxy": {
          "mean": 352312.51200000313,
          "std": 1092.730377401712,
          "n": 5
        },
        "replan_count": {
          "mean": 64.2,
          "std": 11.7881296226331,
          "n": 5
        }
      }
    },
    "slope": {
      "adaptive_navigator": {
        "success_rate": {
          "mean": 1.0,
          "std": 0.0,
          "n": 5
        },
        "path_efficiency": {
          "mean": 0.7955965333161437,
          "std": 0.1338558137672237,
          "n": 5
        },
        "time_to_goal": {
          "mean": 33.152,
          "std": 15.166244624164547,
          "n": 5
        },
        "actual_path_length": {
          "mean": 37.34698714625149,
          "std": 13.527947809151708,
          "n": 5
        },
        "completion_fraction": {
          "mean": 1.0,
          "std": 0.0,
          "n": 5
        },
        "skip_count": {
          "mean": 9.4,
          "std": 3.8781438859330635,
          "n": 5
        },
        "cross_track_mean": {
          "mean": 0.10758190147509321,
          "std": 0.019022368549913734,
          "n": 5
        },
        "cross_track_max": {
          "mean": 0.75208,
          "std": 0.23173083005936002,
          "n": 5
        },
        "classification_accuracy": {
          "mean": 0.398576512455516,
          "std": 0.12374929953394753,
          "n": 5
        },
        "energy_proxy": {
          "mean": 27587.264000000036,
          "std": 999.363030927206,
          "n": 5
        },
        "replan_count": {
          "mean": 4.8,
          "std": 3.059411708155671,
          "n": 5
        }
      },
      "adaptive_navigator_baseline": {
        "success_rate": {
          "mean": 0.2,
          "std": 0.0,
          "n": 5
        },
        "path_efficiency": {
          "mean": 0.9236014130942989,
          "std": 0.0,
          "n": 1
        },
        "time_to_goal": {
          "mean": 32.0,
          "std": 0.0,
          "n": 1
        },
        "actual_path_length": {
          "mean": 37.24625279767027,
          "std": 0.0,
          "n": 1
        },
        "completion_fraction": {
          "mean": 0.3,
          "std": 0.36742346141747667,
          "n": 5
        },
        "skip_count": {
          "mean": 63.4,
          "std": 77.45088766437735,
          "n": 5
        },
        "cross_track_mean": {
          "mean": 0.024849938139689214,
          "std": 0.029878479491158766,
          "n": 5
        },
        "cross_track_max": {
          "mean": 0.47912,
          "std": 0.06299820314897876,
          "n": 5
        },
        "classification_accuracy": {
          "mean": 0.0,
          "std": 0.0,
          "n": 5
        },
        "energy_proxy": {
          "mean": 710918.6560001358,
          "std": 11262.626051486059,
          "n": 5
        },
        "replan_count": {
          "mean": 0.6,
          "std": 0.48989794855663565,
          "n": 5
        }
      },
      "astar_navigator": {
        "success_rate": {
          "mean": 0.2,
          "std": 0.0,
          "n": 5
        },
        "path_efficiency": {
          "mean": 0.8554609482650616,
          "std": 0.0,
          "n": 1
        },
        "time_to_goal": {
          "mean": 32.32,
          "std": 0.0,
          "n": 1
        },
        "actual_path_length": {
          "mean": 40.2130474642506,
          "std": 0.0,
          "n": 1
        },
        "completion_fraction": {
          "mean": 0.6,
          "std": 0.25495097567963926,
          "n": 5
        },
        "skip_count": {
          "mean": 3.2,
          "std": 0.7483314773547882,
          "n": 5
        },
        "cross_track_mean": {
          "mean": 0.027295403156245603,
          "std": 0.008959912171700798,
          "n": 5
        },