{
  "iter": 0,
  "tag": "iter00",
  "metric_version": "v2",
  "controllers": [
    "adaptive_navigator",
    "adaptive_navigator_baseline",
    "astar_navigator"
  ],
  "terrains": [
    "flat",
    "slope",
    "rough",
    "transition"
  ],
  "seeds": [
    42,
    43,
    44,
    45,
    46
  ],
  "results": {
    "flat": {
      "adaptive_navigator": {
        "success_rate": {
          "mean": 0.8,
          "std": 0.0,
          "n": 5
        },
        "path_efficiency": {
          "mean": 0.9559211243430108,
          "std": 0.033661629907363266,
          "n": 4
        },
        "time_to_goal": {
          "mean": 22.240000000000002,
          "std": 0.9191300234460839,
          "n": 4
        },
        "actual_path_length": {
          "mean": 32.575396831125204,
          "std": 2.109938442581278,
          "n": 4
        },
        "completion_fraction": {
          "mean": 0.85,
          "std": 0.3,
          "n": 5
        },
        "skip_count": {
          "mean": 24.0,
          "std": 21.531372459738837,
          "n": 5
        },
        "cross_track_mean": {
          "mean": 0.1019648829903376,
          "std": 0.015150128543075257,
          "n": 5
        },
        "cross_track_max": {
          "mean": 0.76888,
          "std": 0.33118151156125847,
          "n": 5
        },
        "classification_accuracy": {
          "mean": 0.9802579318120206,
          "std": 0.01032577372718331,
          "n": 5
        },
        "energy_proxy": {
          "mean": 57135.99999999959,
          "std": 56693.544862952236,
          "n": 5
        },
        "replan_count": {
          "mean": 5.0,
          "std": 4.09878030638384,
          "n": 5
        }
      },
      "adaptive_navigator_baseline": {
        "success_rate": {
          "mean": 0.2,
          "std": 0.0,
          "n": 5
        },
        "path_efficiency": {
          "mean": 0.9662009084462054,
          "std": 0.0,
          "n": 1
        },
        "time_to_goal": {
          "mean": 17.28,
          "std": 0.0,
          "n": 1
        },
        "actual_path_length": {
          "mean": 28.757615838502627,
          "std": 0.0,
          "n": 1
        },
        "completion_fraction": {
          "mean": 0.4,
          "std": 0.3391164991562634,
          "n": 5
        },
        "skip_count": {
          "mean": 636.0,
          "std": 0.0,
          "n": 5
        },
        "cross_track_mean": {
          "mean": 0.09643714092263987,
          "std": 0.0,
          "n": 5
        },
        "cross_track_max": {
          "mean": 0.3913,
          "std": 0.0,
          "n": 5
        },
        "classification_accuracy": {
          "mean": 0.9866691819153619,
          "std": 0.0,
          "n": 5
        },
        "energy_proxy": {
          "mean": 1640076.8000002613,
          "std": 0.0,
          "n": 5
        },
        "replan_count": {
          "mean": 0.0,
          "std": 0.0,
          "n": 5
        }
      },
      "astar_navigator": {
        "success_rate": {
          "mean": 1.0,
          "std": 0.0,
          "n": 5
        },
        "path_efficiency": {
          "mean": 0.9314122055218388,
          "std": 0.041367796093285,
          "n": 5
        },
        "time_to_goal": {
          "mean": 18.752000000000002,
          "std": 3.5321970499959368,
          "n": 5
        },
        "actual_path_length": {
          "mean": 30.325608736053237,
          "std": 6.202058282022132,
          "n": 5
        },
        "completion_fraction": {
          "mean": 1.0,
          "std": 0.0,
          "n": 5
        },
        "skip_count": {
          "mean": 670.6,
          "std": 226.3913425906565,
          "n": 5
        },
        "cross_track_mean": {
          "mean": 0.09493641027267641,
          "std": 0.02210900200138641,
          "n": 5
        },
        "cross_track_max": {
          "mean": 0.47181999999999996,
          "std": 0.09681665972341738,
          "n": 5
        },
        "classification_accuracy": {
          "mean": 0.9703042584046433,
          "std": 0.02037623715203082,
          "n": 5
        },
        "energy_proxy": {
          "mean": 2138820.864000212,
          "std": 92024.40051806596,
          "n": 5
        },
        "replan_count": {
          "mean": 67.8,
          "std": 134.60074294000015,
          "n": 5
        }
      }
    },
    "slope": {
      "adaptive_navigator": {
        "success_rate": {
          "mean": 0.8,
          "std": 0.0,
          "n": 5
        },
        "path_efficiency": {
          "mean": 0.8688019887132272,
          "std": 0.05301724951026546,
          "n": 4
        },
        "time_to_goal": {
          "mean": 24.48,
          "std": 3.171876416255842,
          "n": 4
        },
        "actual_path_length": {
          "mean": 30.68622041344157,
          "std": 6.112201483940759,
          "n": 4
        },
        "completion_fraction": {
          "mean": 0.95,
          "std": 0.09999999999999999,
          "n": 5
        },
        "skip_count": {
          "mean": 10.8,
          "std": 3.1240998703626617,
          "n": 5
        },
        "cross_track_mean": {
          "mean": 0.09458896444432355,
          "std": 0.03181096893709426,
          "n": 5
        },
        "cross_track_max": {
          "mean": 0.74646,
          "std": 0.15424385368629762,
          "n": 5
        },
        "classification_accuracy": {
          "mean": 0.27188612099644127,
          "std": 0.12637411038213564,
          "n": 5
        },
        "energy_proxy": {
          "mean": 25957.504000000008,
          "std": 641.8906601470441,
          "n": 5
        },
        "replan_count": {
          "mean": 5.0,
          "std": 3.286335345030997,
          "n": 5
        }
      },
      "adaptive_navigator_baseline": {
        "success_rate": {
          "mean": 0.0,
          "std": 0.0,
          "n": 5
        },
        "path_efficiency": {
          "mean": null,
          "std": null,
          "n": 0
        },
        "time_to_goal": {
          "mean": null,
          "std": null,
          "n": 0
        },
        "actual_path_length": {
          "mean": null,
          "std": null,
          "n": 0
        },
        "completion_fraction": {
          "mean": 0.4,
          "std": 0.2,
          "n": 5
        },
        "skip_count": {
          "mean": 205.6,
          "std": 102.8,
          "n": 5
        },
        "cross_track_mean": {
          "mean": 0.061690315122329344,
          "std": 0.03074647910506563,
          "n": 5
        },
        "cross_track_max": {
          "mean": 0.5664799999999999,
          "std": 0.017959999999999976,
          "n": 5
        },
        "classification_accuracy": {
          "mean": 0.0,
          "std": 0.0,
          "n": 5
        },
        "energy_proxy": {
          "mean": 2041344.7680002798,
          "std": 256397.82399984144,
          "n": 5
        },
        "replan_count": {
          "mean": 1.0,
          "std": 0.0,
          "n": 5
        }
      },
      "astar_navigator": {
        "success_rate": {
          "mean": 0.4,
          "std": 0.0,
          "n": 5
        },
        "path_efficiency": {
          "mean": 0.8254977870943482,
          "std": 0.17450221290565182,
          "n": 2
        },
        "time_to_goal": {
          "mean": 48.32,
          "std": 20.160000000000004,
          "n": 2
        },
        "actual_path_length": {
          "mean": 43.531272084832736,
          "std": 9.247770889861716,
          "n": 2
        },
        "completion_fraction": {
          "mean": 0.7,
          "std": 0.2449489742783178,
          "n": 5
        },
        "skip_count": {
          "mean": 3.4,
          "std": 4.841487374764082,
          "n": 5
        },
        "cross_track_mean": {
          "mean": 0.004634997883059021,
          "std": 0.003099881027316168,
          "n": 5
        },