{
  "robot_start": [
    0.6607337436240929,
    -0.2595040169643387
  ],
  "waypoints": [
    [
      9.323215712280032,
      3.793370963270355
    ],
    [
      6.906177651866628,
      -2.7124100438683643
    ],
    [
      -3.1689143786170533,
      -5.576039817273714
    ],
    [
      -7.439475486972335,
      -1.5955692134465118
    ],
    [
      -9.1794342316947,
      5.223809528339932
    ]
  ],
  "seed": 2353,
  "tsp_info": {
    "original_length": 57.444849018822694,
    "greedy_length": 44.30516279913309,
    "optimized_length": 39.853935891233085,
    "improvement_pct": 30.622263663406397
  }
}