{
  "robot_start": [
    1.4519431086096832,
    -0.1804848107868454
  ],
  "waypoints": [
    [
      -0.05639252038152693,
      6.3754941857226095
    ],
    [
      8.858060880885498,
      -1.101107496943089
    ],
    [
      -0.12331101254433957,
      -11.202538374440525
    ],
    [
      -4.5063853096916375,
      -5.669925043516375
    ],
    [
      -8.013471519552517,
      -7.828977651556482
    ]
  ],
  "seed": 9478,
  "tsp_info": {
    "original_length": 66.54453353021738,
    "greedy_length": 43.05559345028877,
    "optimized_length": 43.05559345028877,
    "improvement_pct": 35.29807609104729
  }
}