case,python_seconds,cpp_seconds,speedup
extract_features (50× 64×64 grids),0.0029463999999999988,0.0009420947368421035,3.127498631269628
TerrainClassifier (5000 samples),0.004941721052631583,0.005577473684210527,0.8860142301740088
"A* (20 plans on 40×40 grid, 5 obstacles)",0.005963724999999989,0.00017117500000000951,34.83992989630295
"A* (10 plans on 100×100 grid, 10 obstacles)",0.00534069999999999,0.0002858250000000173,18.68520948132482
"TSP (greedy NN + 2-opt, 8/12/16 waypoints)",0.0024015500000000023,1.6475000000015783e-05,145.76934749606687
