{
  "iter": 0,
  "branch": "iter/00-baseline",
  "tag": "iter-00-baseline",
  "datetime": "2026-05-20T00:00:00",
  "hypothesis": "Baseline establishment - no algorithm changes, record current performance for future comparison",
  "changes": [],
  "controllers": [
    "adaptive_navigator",
    "adaptive_navigator_baseline",
    "astar_navigator"
  ],
  "terrains": [
    "flat",
    "slope",
    "rough",
    "transition"
  ],
  "seeds": [
    42,
    43,
    44,
    45,
    46
  ],
  "results": {
    "flat": {
      "adaptive_navigator": {
        "success_rate": {
          "mean": 1.0,
          "std": 0.0,
          "n": 5
        },
        "path_efficiency": {
          "mean": 0.05077271970802542,
          "std": 0.02900951108921299,
          "n": 5
        },
        "time_to_goal": {
          "mean": 16.32,
          "std": 3.1548819312297574,
          "n": 5
        },
        "cross_track_mean": {
          "mean": 0.1019648829903376,
          "std": 0.015150128543075257,
          "n": 5
        },
        "cross_track_max": {
          "mean": 0.76888,
          "std": 0.33118151156125847,
          "n": 5
        },
        "classification_accuracy": {
          "mean": 0.9802579318120206,
          "std": 0.01032577372718331,
          "n": 5
        },
        "energy_proxy": {
          "mean": 57135.99999999959,
          "std": 56693.544862952236,
          "n": 5
        },
        "replan_count": {
          "mean": 5.0,
          "std": 4.09878030638384,
          "n": 5
        },
        "actual_path_length": {
          "mean": 285.1681221561378,
          "std": 305.006904824923,
          "n": 5
        }
      },
      "adaptive_navigator_baseline": {
        "success_rate": {
          "mean": 0.0,
          "std": 0.0,
          "n": 5
        },
        "path_efficiency": {
          "mean": 0.0006955854961572798,
          "std": 0.0,
          "n": 5
        },
        "time_to_goal": {
          "mean": 5088.96,
          "std": 0.0,
          "n": 5
        },
        "cross_track_mean": {
          "mean": 0.09643714092263987,
          "std": 0.0,
          "n": 5
        },
        "cross_track_max": {
          "mean": 0.3913,
          "std": 0.0,
          "n": 5
        },
        "classification_accuracy": {
          "mean": 0.9866691819153619,
          "std": 0.0,
          "n": 5
        },
        "energy_proxy": {
          "mean": 1640076.8000002613,
          "std": 0.0,
          "n": 5
        },
        "replan_count": {
          "mean": 0.0,
          "std": 0.0,
          "n": 5
        },
        "actual_path_length": {
          "mean": 8614.6692887145,
          "std": 0.0,
          "n": 5
        }
      },
      "astar_navigator": {
        "success_rate": {
          "mean": 0.4,
          "std": 0.0,
          "n": 5
        },
        "path_efficiency": {
          "mean": 0.0005325829714059772,
          "std": 0.00010120330393934342,
          "n": 5
        },
        "time_to_goal": {
          "mean": 4001.9839999999995,
          "std": 3258.6236970696696,
          "n": 5
        },
        "cross_track_mean": {
          "mean": 0.09493641027267641,
          "std": 0.02210900200138641,
          "n": 5
        },
        "cross_track_max": {
          "mean": 0.47181999999999996,
          "std": 0.09681665972341738,
          "n": 5
        },
        "classification_accuracy": {
          "mean": 0.9703042584046433,
          "std": 0.02037623715203082,
          "n": 5
        },
        "energy_proxy": {
          "mean": 2138820.864000212,
          "std": 92024.40051806596,
          "n": 5
        },
        "replan_count": {
          "mean": 67.8,
          "std": 134.60074294000015,
          "n": 5
        },
        "actual_path_length": {
          "mean": 11213.921839651037,
          "std": 660.1005197494868,
          "n": 5
        }
      }
    },
    "slope": {
      "adaptive_navigator": {
        "success_rate": {
          "mean": 1.0,
          "std": 0.0,
          "n": 5
        },
        "path_efficiency": {
          "mean": 0.08353057422505193,
          "std": 0.06425148211565107,
          "n": 5
        },
        "time_to_goal": {
          "mean": 24.96,
          "std": 10.428269271552207,
          "n": 5
        },
        "cross_track_mean": {
          "mean": 0.09458896444432355,
          "std": 0.03181096893709426,
          "n": 5
        },
        "cross_track_max": {
          "mean": 0.74646,
          "std": 0.15424385368629762,
          "n": 5
        },
        "classification_accuracy": {
          "mean": 0.27188612099644127,
          "std": 0.12637411038213564,
          "n": 5
        },
        "energy_proxy": {
          "mean": 25957.504000000008,
          "std": 641.8906601470441,
          "n": 5
        },
        "replan_count": {
          "mean": 5.0,
          "std": 3.286335345030997,
          "n": 5
        },
        "actual_path_length": {
          "mean": 98.80185720161316,
          "std": 27.830570228289922,
          "n": 5
        }
      },
      "adaptive_navigator_baseline": {
        "success_rate": {
          "mean": 0.0,
          "std": 0.0,
          "n": 5
        },
        "path_efficiency": {
          "mean": 0.06314711949303767,
          "std": 0.1249226123625486,
          "n": 5
        },
        "time_to_goal": {
          "mean": 6994.431999999999,
          "std": 402.3040000000001,
          "n": 5
        },
        "cross_track_mean": {
          "mean": 0.061690315122329344,
          "std": 0.03074647910506563,
          "n": 5
        },
        "cross_track_max": {
          "mean": 0.5664799999999999,
          "std": 0.017959999999999976,
          "n": 5
        },
        "classification_accuracy": {
          "mean": 0.0,
          "std": 0.0,
          "n": 5
        },
        "energy_proxy": {
          "mean": 2041344.7680002798,
          "std": 256397.82399984144,
          "n": 5
        },
        "replan_count": {
          "mean": 1.0,
          "std": 0.0,
          "n": 5
        },
        "actual_path_length": {
          "mean": 9171.928952734346,
          "std": 4576.821223507968,
          "n": 5
        }
      },
      "astar_navigator": {
        "success_rate": {
          "mean": 0.0,
          "std": 0.0,
          "n": 5
        },
        "path_efficiency": {
          "mean": 0.23137609915603355,
          "std": 0.19603059837908235,
          "n": 5
        },
        "time_to_goal": {
          "mean": 1508.416,
          "std": 65.96484688074402,
          "n": 5
        },
        "cross_track_mean": {
          "mean": 0.004634997883059021,
          "std": 0.003099881027316168,
          "n": 5
        },
        "cross_track_max": {
          "mean": 0.4961170614359173,
          "std": 0.09569585981793441,
          "n": 5
        },
        "classification_accuracy": {
          "mean": 0.0,
          "std": 0.0,
          "n": 5
        },
        "energy_proxy": {
          "mean": 295586.8160000079,
          "std": 12929.10998862343,
          "n": 5
        },
        "replan_count": {
          "mean": 1.4,
          "std": 1.2,
          "n": 5
        },
        "actual_path_length": {
          "mean": 76.92924396545334,
          "std": 91.42437385842018,
          "n": 5
        }
      }
    },
    "rough": {
      "adaptive_navigator": {
        "success_rate": {
          "mean": 1.0,
          "std": 0.0,
          "n": 5
        },
        "path_efficiency": {
          "mean": 0.3126867233306794,
          "std": 0.13246653485568954,
          "n": 5
        },
        "time_to_goal": {
          "mean": 40.0,
          "std": 19.453262965374215,
          "n": 5
        },
        "cross_track_mean": {
          "mean": 0.06300423323992708,
          "std": 0.030942135938259813,
          "n": 5
        },
        "cross_track_max": {
          "mean": 0.6785199999999999,
          "std": 0.1755711753107554,