{
  "iter": 19,
  "branch": "iter/00-baseline",
  "tag": "iter-00-baseline",
  "datetime": "2026-05-20T00:00:00",
  "hypothesis": "Baseline establishment - no algorithm changes, record current performance for future comparison",
  "changes": [],
  "controllers": [
    "adaptive_navigator",
    "adaptive_navigator_baseline",
    "astar_navigator"
  ],
  "terrains": [
    "flat",
    "slope",
    "rough",
    "transition"
  ],
  "seeds": [
    42,
    43,
    44,
    45,
    46
  ],
  "results": {
    "flat": {
      "adaptive_navigator": {
        "success_rate": {
          "mean": 1.0,
          "std": 0.0,
          "n": 5
        },
        "path_efficiency": {
          "mean": 0.05863333769007382,
          "std": 0.019691543923684017,
          "n": 5
        },
        "time_to_goal": {
          "mean": 16.832,
          "std": 2.7646222165062633,
          "n": 5
        },
        "cross_track_mean": {
          "mean": 0.11834957581685124,
          "std": 0.030842089913961222,
          "n": 5
        },
        "cross_track_max": {
          "mean": 0.82714,
          "std": 0.24356875497485303,
          "n": 5
        },
        "classification_accuracy": {
          "mean": 0.9864768683274022,
          "std": 0.008832507933089599,
          "n": 5
        },
        "energy_proxy": {
          "mean": 28886.65600000004,
          "std": 93.57456611708093,
          "n": 5
        },
        "replan_count": {
          "mean": 7.4,
          "std": 3.9293765408777004,
          "n": 5
        },
        "actual_path_length": {
          "mean": 130.77740882091493,
          "std": 1.512427725080789,
          "n": 5
        }
      },
      "adaptive_navigator_baseline": {
        "success_rate": {
          "mean": 0.0,
          "std": 0.0,
          "n": 5
        },
        "path_efficiency": {
          "mean": 0.0009949221740427376,
          "std": 0.00016465728172969442,
          "n": 5
        },
        "time_to_goal": {
          "mean": 4022.0160000000005,
          "std": 34.02031957521864,
          "n": 5
        },
        "cross_track_mean": {
          "mean": 0.0785186066281018,
          "std": 0.00025052322855833627,
          "n": 5
        },
        "cross_track_max": {
          "mean": 0.5959399999999999,
          "std": 0.06427057180389796,
          "n": 5
        },
        "classification_accuracy": {
          "mean": 0.9913809218571933,
          "std": 0.01157574467457525,
          "n": 5
        },
        "energy_proxy": {
          "mean": 1298622.208000212,
          "std": 11294.905314173282,
          "n": 5
        },
        "replan_count": {
          "mean": 1.4,
          "std": 0.4898979485566356,
          "n": 5
        },
        "actual_path_length": {
          "mean": 6901.26679368938,
          "std": 57.375786806213775,
          "n": 5
        }
      },
      "astar_navigator": {
        "success_rate": {
          "mean": 0.2,
          "std": 0.0,
          "n": 5
        },
        "path_efficiency": {
          "mean": 0.0036153268149350356,
          "std": 0.0010056170781142294,
          "n": 5
        },
        "time_to_goal": {
          "mean": 863.232,
          "std": 419.497108757617,
          "n": 5
        },
        "cross_track_mean": {
          "mean": 0.12392737716172406,
          "std": 0.00030193302290997003,
          "n": 5
        },
        "cross_track_max": {
          "mean": 0.66368,
          "std": 0.006172325331672038,
          "n": 5
        },
        "classification_accuracy": {
          "mean": 0.9960147396308556,
          "std": 0.007221531899452336,
          "n": 5
        },
        "energy_proxy": {
          "mean": 346900.41600000265,
          "std": 3433.2712544957726,
          "n": 5
        },
        "replan_count": {
          "mean": 63.4,
          "std": 11.689311356961968,
          "n": 5
        },
        "actual_path_length": {
          "mean": 1780.407055439861,
          "std": 18.697702105752878,
          "n": 5
        }
      }
    },
    "slope": {
      "adaptive_navigator": {
        "success_rate": {
          "mean": 1.0,
          "std": 0.0,
          "n": 5
        },
        "path_efficiency": {
          "mean": 0.0722970734767957,
          "std": 0.025330056257269126,
          "n": 5
        },
        "time_to_goal": {
          "mean": 28.8,
          "std": 19.66893998160552,
          "n": 5
        },
        "cross_track_mean": {
          "mean": 0.10299637202600868,
          "std": 0.017600258577872643,
          "n": 5
        },
        "cross_track_max": {
          "mean": 0.7948970614359172,
          "std": 0.2167641331908394,
          "n": 5
        },
        "classification_accuracy": {
          "mean": 0.41067615658362994,
          "std": 0.17347577293761943,
          "n": 5
        },
        "energy_proxy": {
          "mean": 26049.79200000001,
          "std": 662.5416691016585,
          "n": 5
        },
        "replan_count": {
          "mean": 4.6,
          "std": 2.0591260281974,
          "n": 5
        },
        "actual_path_length": {
          "mean": 99.42278724263447,
          "std": 18.391884618768003,
          "n": 5
        }
      },
      "adaptive_navigator_baseline": {
        "success_rate": {
          "mean": 0.0,
          "std": 0.0,
          "n": 5
        },
        "path_efficiency": {
          "mean": 0.13120393740599787,
          "std": 0.10934347734294786,
          "n": 5
        },
        "time_to_goal": {
          "mean": 3612.352,
          "std": 51.172232470354416,
          "n": 5
        },
        "cross_track_mean": {
          "mean": 0.0248516371901431,
          "std": 0.02987751392230307,
          "n": 5
        },
        "cross_track_max": {
          "mean": 0.47912,
          "std": 0.06299820314897876,
          "n": 5
        },
        "classification_accuracy": {
          "mean": 0.0,
          "std": 0.0,
          "n": 5
        },
        "energy_proxy": {
          "mean": 707958.2720001338,
          "std": 10029.75756419691,
          "n": 5
        },
        "replan_count": {
          "mean": 0.6,
          "std": 0.48989794855663565,
          "n": 5
        },
        "actual_path_length": {
          "mean": 1889.0140607406618,
          "std": 2289.2900962028516,
          "n": 5
        }
      },
      "astar_navigator": {
        "success_rate": {
          "mean": 0.0,
          "std": 0.0,
          "n": 5
        },
        "path_efficiency": {
          "mean": 0.039344200881342585,
          "std": 0.016068188456876825,
          "n": 5
        },
        "time_to_goal": {
          "mean": 466.75200000000007,
          "std": 24.830515419539733,
          "n": 5
        },
        "cross_track_mean": {
          "mean": 0.027505505300020626,
          "std": 0.009067397176813484,
          "n": 5
        },
        "cross_track_max": {
          "mean": 0.5032970614359172,
          "std": 0.06603092757557451,
          "n": 5
        },
        "classification_accuracy": {
          "mean": 0.0,
          "std": 0.0,
          "n": 5
        },
        "energy_proxy": {
          "mean": 91420.67200000184,
          "std": 4866.781022230015,
          "n": 5
        },
        "replan_count": {
          "mean": 0.6,
          "std": 0.7999999999999999,
          "n": 5
        },
        "actual_path_length": {
          "mean": 139.34526454930918,
          "std": 38.47949239413566,
          "n": 5
        }
      }
    },
    "rough": {
      "adaptive_navigator": {
        "success_rate": {
          "mean": 1.0,
          "std": 0.0,
          "n": 5
        },
        "path_efficiency": {
          "mean": 0.39791960254359016,
          "std": 0.2426159432975377,
          "n": 5
        },
        "time_to_goal": {
          "mean": 36.480000000000004,
          "std": 4.945009605652957,
          "n": 5
        },