{
  "iter": 2,
  "branch": "iter/00-baseline",
  "tag": "iter-00-baseline",
  "datetime": "2026-05-20T00:00:00",
  "hypothesis": "Baseline establishment - no algorithm changes, record current performance for future comparison",
  "changes": [],
  "controllers": [
    "adaptive_navigator",
    "adaptive_navigator_baseline",
    "astar_navigator"
  ],
  "terrains": [
    "flat",
    "slope",
    "rough",
    "transition"
  ],
  "seeds": [
    42,
    43,
    44,
    45,
    46
  ],
  "results": {
    "flat": {
      "adaptive_navigator": {
        "success_rate": {
          "mean": 1.0,
          "std": 0.0,
          "n": 5
        },
        "path_efficiency": {
          "mean": 0.05567661706894498,
          "std": 0.02315915530484978,
          "n": 5
        },
        "time_to_goal": {
          "mean": 16.64,
          "std": 2.661969195914935,
          "n": 5
        },
        "cross_track_mean": {
          "mean": 0.11430109680659468,
          "std": 0.02621138500689987,
          "n": 5
        },
        "cross_track_max": {
          "mean": 0.9054941228718345,
          "std": 0.28280256369777046,
          "n": 5
        },
        "classification_accuracy": {
          "mean": 0.9800711743772241,
          "std": 0.012450431092196367,
          "n": 5
        },
        "energy_proxy": {
          "mean": 28804.73600000004,
          "std": 143.06919075748092,
          "n": 5
        },
        "replan_count": {
          "mean": 7.2,
          "std": 3.762977544445356,
          "n": 5
        },
        "actual_path_length": {
          "mean": 132.8595802851794,
          "std": 1.757312865042359,
          "n": 5
        }
      },
      "adaptive_navigator_baseline": {
        "success_rate": {
          "mean": 0.0,
          "std": 0.0,
          "n": 5
        },
        "path_efficiency": {
          "mean": 0.00044991587127229314,
          "std": 0.00011554688573015497,
          "n": 5
        },
        "time_to_goal": {
          "mean": 8702.655999999999,
          "std": 263.29870684072864,
          "n": 5
        },
        "cross_track_mean": {
          "mean": 0.09497727079480484,
          "std": 0.02261482584886502,
          "n": 5
        },
        "cross_track_max": {
          "mean": 0.47391999999999995,
          "std": 0.09140491015257331,
          "n": 5
        },
        "classification_accuracy": {
          "mean": 0.9750314864908042,
          "std": 0.027486424806838588,
          "n": 5
        },
        "energy_proxy": {
          "mean": 2792580.6079993,
          "std": 110844.95154066633,
          "n": 5
        },
        "replan_count": {
          "mean": 95.4,
          "std": 189.30145271497523,
          "n": 5
        },
        "actual_path_length": {
          "mean": 14610.269291083407,
          "std": 798.5066723067514,
          "n": 5
        }
      },
      "astar_navigator": {
        "success_rate": {
          "mean": 0.2,
          "std": 0.0,
          "n": 5
        },
        "path_efficiency": {
          "mean": 0.0004900736103270514,
          "std": 0.0001324951513793251,
          "n": 5
        },
        "time_to_goal": {
          "mean": 5431.679999999999,
          "std": 2711.092426310841,
          "n": 5
        },
        "cross_track_mean": {
          "mean": 0.09511687749950641,
          "std": 0.022081104062719136,
          "n": 5
        },
        "cross_track_max": {
          "mean": 0.47178,
          "std": 0.09712417618698238,
          "n": 5
        },
        "classification_accuracy": {
          "mean": 0.977451620386451,
          "std": 0.021336681823889758,
          "n": 5
        },
        "energy_proxy": {
          "mean": 2173384.960000184,
          "std": 63007.598852240495,
          "n": 5
        },
        "replan_count": {
          "mean": 67.4,
          "std": 133.80074738206812,
          "n": 5
        },
        "actual_path_length": {
          "mean": 11375.598154671117,
          "std": 491.2729348109444,
          "n": 5
        }
      }
    },
    "slope": {
      "adaptive_navigator": {
        "success_rate": {
          "mean": 1.0,
          "std": 0.0,
          "n": 5
        },
        "path_efficiency": {
          "mean": 0.08704621285179912,
          "std": 0.05309687990995257,
          "n": 5
        },
        "time_to_goal": {
          "mean": 24.768,
          "std": 8.892546092093085,
          "n": 5
        },
        "cross_track_mean": {
          "mean": 0.0968968215871807,
          "std": 0.026562452924873577,
          "n": 5
        },
        "cross_track_max": {
          "mean": 0.8138770614359174,
          "std": 0.16271343527455057,
          "n": 5
        },
        "classification_accuracy": {
          "mean": 0.2704626334519573,
          "std": 0.10742380609096601,
          "n": 5
        },
        "energy_proxy": {
          "mean": 26015.936000000012,
          "std": 1122.8059461474322,
          "n": 5
        },
        "replan_count": {
          "mean": 4.0,
          "std": 1.7888543819998317,
          "n": 5
        },
        "actual_path_length": {
          "mean": 100.29656983263592,
          "std": 24.824535243096076,
          "n": 5
        }
      },
      "adaptive_navigator_baseline": {
        "success_rate": {
          "mean": 0.0,
          "std": 0.0,
          "n": 5
        },
        "path_efficiency": {
          "mean": 0.21005711117334397,
          "std": 0.21224705611981634,
          "n": 5
        },
        "time_to_goal": {
          "mean": 7504.0,
          "std": 295.7501561791642,
          "n": 5
        },
        "cross_track_mean": {
          "mean": 0.0025499646526763336,
          "std": 0.003330233538105363,
          "n": 5
        },
        "cross_track_max": {
          "mean": 0.47263706143591716,
          "std": 0.18269364224940995,
          "n": 5
        },
        "classification_accuracy": {
          "mean": 0.0,
          "std": 0.0,
          "n": 5
        },
        "energy_proxy": {
          "mean": 1470721.280000554,
          "std": 57967.03061115922,
          "n": 5
        },
        "replan_count": {
          "mean": 2.0,
          "std": 3.521363372331802,
          "n": 5
        },
        "actual_path_length": {
          "mean": 160.3073634388297,
          "std": 240.95280972633415,
          "n": 5
        }
      },
      "astar_navigator": {
        "success_rate": {
          "mean": 0.0,
          "std": 0.0,
          "n": 5
        },
        "path_efficiency": {
          "mean": 0.23134208590338687,
          "std": 0.19601527082689665,
          "n": 5
        },
        "time_to_goal": {
          "mean": 1471.8719999999998,
          "std": 44.382788736175705,
          "n": 5
        },
        "cross_track_mean": {
          "mean": 0.0047730532740132515,
          "std": 0.003211321448645686,
          "n": 5
        },
        "cross_track_max": {
          "mean": 0.4961170614359173,
          "std": 0.09569585981793441,
          "n": 5
        },
        "classification_accuracy": {
          "mean": 0.0,
          "std": 0.0,
          "n": 5
        },
        "energy_proxy": {
          "mean": 288424.19200000924,
          "std": 8699.026592288827,
          "n": 5
        },
        "replan_count": {
          "mean": 1.4,
          "std": 1.2,
          "n": 5
        },
        "actual_path_length": {
          "mean": 76.90229216396895,
          "std": 91.36715038795823,
          "n": 5
        }
      }
    },
    "rough": {
      "adaptive_navigator": {
        "success_rate": {
          "mean": 1.0,
          "std": 0.0,
          "n": 5
        },
        "path_efficiency": {
          "mean": 0.46773731800260193,
          "std": 0.2972815087496183,
          "n": 5
        },
        "time_to_goal": {
          "mean": 47.36,
          "std": 16.98473667738184,
          "n": 5
        },