{
  "iter": 15,
  "branch": "iter/00-baseline",
  "tag": "iter-00-baseline",
  "datetime": "2026-05-20T00:00:00",
  "hypothesis": "Baseline establishment - no algorithm changes, record current performance for future comparison",
  "changes": [],
  "controllers": [
    "adaptive_navigator",
    "adaptive_navigator_baseline",
    "astar_navigator"
  ],
  "terrains": [
    "flat",
    "slope",
    "rough",
    "transition"
  ],
  "seeds": [
    42,
    43,
    44,
    45,
    46
  ],
  "results": {
    "flat": {
      "adaptive_navigator": {
        "success_rate": {
          "mean": 1.0,
          "std": 0.0,
          "n": 5
        },
        "path_efficiency": {
          "mean": 0.0586070056709993,
          "std": 0.01865111761223904,
          "n": 5
        },
        "time_to_goal": {
          "mean": 16.96,
          "std": 2.599692289483508,
          "n": 5
        },
        "cross_track_mean": {
          "mean": 0.11690757581685123,
          "std": 0.02709517074235746,
          "n": 5
        },
        "cross_track_max": {
          "mean": 0.7553599999999999,
          "std": 0.25477956432963766,
          "n": 5
        },
        "classification_accuracy": {
          "mean": 0.9879003558718861,
          "std": 0.008300287394797604,
          "n": 5
        },
        "energy_proxy": {
          "mean": 28899.328000000045,
          "std": 87.46662504064014,
          "n": 5
        },
        "replan_count": {
          "mean": 5.6,
          "std": 3.006659275674582,
          "n": 5
        },
        "actual_path_length": {
          "mean": 130.41022868893992,
          "std": 1.2436669930103652,
          "n": 5
        }
      },
      "adaptive_navigator_baseline": {
        "success_rate": {
          "mean": 0.0,
          "std": 0.0,
          "n": 5
        },
        "path_efficiency": {
          "mean": 0.001056321684946225,
          "std": 0.00018050826552349974,
          "n": 5
        },
        "time_to_goal": {
          "mean": 3987.0080000000003,
          "std": 27.687379363168333,
          "n": 5
        },
        "cross_track_mean": {
          "mean": 0.07853577698214453,
          "std": 0.0002845919289104063,
          "n": 5
        },
        "cross_track_max": {
          "mean": 0.5959399999999999,
          "std": 0.06427057180389796,
          "n": 5
        },
        "classification_accuracy": {
          "mean": 0.9913834337651497,
          "std": 0.011567334478317442,
          "n": 5
        },
        "energy_proxy": {
          "mean": 1287312.384000203,
          "std": 8275.905995319847,
          "n": 5
        },
        "replan_count": {
          "mean": 1.4,
          "std": 0.4898979485566356,
          "n": 5
        },
        "actual_path_length": {
          "mean": 6841.117533139621,
          "std": 42.812100995943304,
          "n": 5
        }
      },
      "astar_navigator": {
        "success_rate": {
          "mean": 0.4,
          "std": 0.0,
          "n": 5
        },
        "path_efficiency": {
          "mean": 0.00400365619679727,
          "std": 0.0006384062282629422,
          "n": 5
        },
        "time_to_goal": {
          "mean": 625.472,
          "std": 490.06106812926896,
          "n": 5
        },
        "cross_track_mean": {
          "mean": 0.1237345180761881,
          "std": 0.0004904096383220736,
          "n": 5
        },
        "cross_track_max": {
          "mean": 0.66368,
          "std": 0.006172325331672038,
          "n": 5
        },
        "classification_accuracy": {
          "mean": 0.9959583155938102,
          "std": 0.007299859099052379,
          "n": 5
        },
        "energy_proxy": {
          "mean": 330771.6480000013,
          "std": 1041.2270835969975,
          "n": 5
        },
        "replan_count": {
          "mean": 60.6,
          "std": 11.092339699089639,
          "n": 5
        },
        "actual_path_length": {
          "mean": 1697.9162042921405,
          "std": 5.6759214840218295,
          "n": 5
        }
      }
    },
    "slope": {
      "adaptive_navigator": {
        "success_rate": {
          "mean": 1.0,
          "std": 0.0,
          "n": 5
        },
        "path_efficiency": {
          "mean": 0.06347315654062699,
          "std": 0.018502445922361475,
          "n": 5
        },
        "time_to_goal": {
          "mean": 23.488,
          "std": 6.900731555422222,
          "n": 5
        },
        "cross_track_mean": {
          "mean": 0.0976765043882798,
          "std": 0.019659759761669275,
          "n": 5
        },
        "cross_track_max": {
          "mean": 0.8426170614359172,
          "std": 0.1767097230318232,
          "n": 5
        },
        "classification_accuracy": {
          "mean": 0.31743772241992885,
          "std": 0.13230395906539266,
          "n": 5
        },
        "energy_proxy": {
          "mean": 26152.89600000002,
          "std": 896.3615133549714,
          "n": 5
        },
        "replan_count": {
          "mean": 4.4,
          "std": 2.5768197453450252,
          "n": 5
        },
        "actual_path_length": {
          "mean": 106.65688570986624,
          "std": 13.501013748199531,
          "n": 5
        }
      },
      "adaptive_navigator_baseline": {
        "success_rate": {
          "mean": 0.0,
          "std": 0.0,
          "n": 5
        },
        "path_efficiency": {
          "mean": 0.13120923699345935,
          "std": 0.1093372007614394,
          "n": 5
        },
        "time_to_goal": {
          "mean": 3589.568,
          "std": 53.87363228890373,
          "n": 5
        },
        "cross_track_mean": {
          "mean": 0.024856028422671393,
          "std": 0.02988048566955137,
          "n": 5
        },
        "cross_track_max": {
          "mean": 0.47912,
          "std": 0.06299820314897876,
          "n": 5
        },
        "classification_accuracy": {
          "mean": 0.0,
          "std": 0.0,
          "n": 5
        },
        "energy_proxy": {
          "mean": 703492.6080001304,
          "std": 10559.231928632977,
          "n": 5
        },
        "replan_count": {
          "mean": 0.6,
          "std": 0.48989794855663565,
          "n": 5
        },
        "actual_path_length": {
          "mean": 1871.5070475972832,
          "std": 2267.852632831376,
          "n": 5
        }
      },
      "astar_navigator": {
        "success_rate": {
          "mean": 0.0,
          "std": 0.0,
          "n": 5
        },
        "path_efficiency": {
          "mean": 0.03934431998183011,
          "std": 0.016069182158054425,
          "n": 5
        },
        "time_to_goal": {
          "mean": 458.688,
          "std": 23.569558672151675,
          "n": 5
        },
        "cross_track_mean": {
          "mean": 0.02800303269972859,
          "std": 0.009264312906861479,
          "n": 5
        },
        "cross_track_max": {
          "mean": 0.5032970614359172,
          "std": 0.06603092757557451,
          "n": 5
        },
        "classification_accuracy": {
          "mean": 0.0,
          "std": 0.0,
          "n": 5
        },
        "energy_proxy": {
          "mean": 89840.12800000176,
          "std": 4619.633499741944,
          "n": 5
        },
        "replan_count": {
          "mean": 0.6,
          "std": 0.7999999999999999,
          "n": 5
        },
        "actual_path_length": {
          "mean": 139.34352550892862,
          "std": 38.47901184482093,
          "n": 5
        }
      }
    },
    "rough": {
      "adaptive_navigator": {
        "success_rate": {
          "mean": 1.0,
          "std": 0.0,
          "n": 5
        },
        "path_efficiency": {
          "mean": 0.3416324580337317,
          "std": 0.27576896531059714,
          "n": 5
        },
        "time_to_goal": {
          "mean": 45.312,
          "std": 14.303105117421183,
          "n": 5
        },
        "cross_track_mean": {
          "mean": 0.07008013878608157,