{
  "iter": 8,
  "branch": "iter/00-baseline",
  "tag": "iter-00-baseline",
  "datetime": "2026-05-20T00:00:00",
  "hypothesis": "Baseline establishment - no algorithm changes, record current performance for future comparison",
  "changes": [],
  "controllers": [
    "adaptive_navigator",
    "adaptive_navigator_baseline",
    "astar_navigator"
  ],
  "terrains": [
    "flat",
    "slope",
    "rough",
    "transition"
  ],
  "seeds": [
    42,
    43,
    44,
    45,
    46
  ],
  "results": {
    "flat": {
      "adaptive_navigator": {
        "success_rate": {
          "mean": 1.0,
          "std": 0.0,
          "n": 5
        },
        "path_efficiency": {
          "mean": 0.051813778630995996,
          "std": 0.02276020085906824,
          "n": 5
        },
        "time_to_goal": {
          "mean": 16.704,
          "std": 2.8290606214784444,
          "n": 5
        },
        "cross_track_mean": {
          "mean": 0.11116008631172294,
          "std": 0.01814814166204199,
          "n": 5
        },
        "cross_track_max": {
          "mean": 0.7904141228718344,
          "std": 0.23201969577311427,
          "n": 5
        },
        "classification_accuracy": {
          "mean": 0.9822064056939501,
          "std": 0.010556866173801666,
          "n": 5
        },
        "energy_proxy": {
          "mean": 28831.16800000004,
          "std": 120.1325518583548,
          "n": 5
        },
        "replan_count": {
          "mean": 6.6,
          "std": 3.32264954516723,
          "n": 5
        },
        "actual_path_length": {
          "mean": 132.12952365606395,
          "std": 1.2931153835731384,
          "n": 5
        }
      },
      "adaptive_navigator_baseline": {
        "success_rate": {
          "mean": 0.0,
          "std": 0.0,
          "n": 5
        },
        "path_efficiency": {
          "mean": 0.0009317527964682701,
          "std": 0.00020018653533869995,
          "n": 5
        },
        "time_to_goal": {
          "mean": 4050.6879999999996,
          "std": 16.802407446553513,
          "n": 5
        },
        "cross_track_mean": {
          "mean": 0.07853082664936342,
          "std": 0.0002523338257398848,
          "n": 5
        },
        "cross_track_max": {
          "mean": 0.5959399999999999,
          "std": 0.06427057180389796,
          "n": 5
        },
        "classification_accuracy": {
          "mean": 0.9913796560065681,
          "std": 0.0115848075227157,
          "n": 5
        },
        "energy_proxy": {
          "mean": 1307879.1680002194,
          "std": 5975.571971524492,
          "n": 5
        },
        "replan_count": {
          "mean": 1.4,
          "std": 0.4898979485566356,
          "n": 5
        },
        "actual_path_length": {
          "mean": 6950.425281721049,
          "std": 26.478765101334005,
          "n": 5
        }
      },
      "astar_navigator": {
        "success_rate": {
          "mean": 0.2,
          "std": 0.0,
          "n": 5
        },
        "path_efficiency": {
          "mean": 0.0032416816162841636,
          "std": 0.001598450868151874,
          "n": 5
        },
        "time_to_goal": {
          "mean": 857.792,
          "std": 416.6569385189691,
          "n": 5
        },
        "cross_track_mean": {
          "mean": 0.12386409000719001,
          "std": 0.0005266686469130007,
          "n": 5
        },
        "cross_track_max": {
          "mean": 0.66368,
          "std": 0.006172325331672038,
          "n": 5
        },
        "classification_accuracy": {
          "mean": 0.9959698922531695,
          "std": 0.007308183277079461,
          "n": 5
        },
        "energy_proxy": {
          "mean": 345137.8560000025,
          "std": 1998.5391851612837,
          "n": 5
        },
        "replan_count": {
          "mean": 62.8,
          "std": 11.391224692718513,
          "n": 5
        },
        "actual_path_length": {
          "mean": 1771.4243303154751,
          "std": 10.971836443362141,
          "n": 5
        }
      }
    },
    "slope": {
      "adaptive_navigator": {
        "success_rate": {
          "mean": 1.0,
          "std": 0.0,
          "n": 5
        },
        "path_efficiency": {
          "mean": 0.09398320990549767,
          "std": 0.05388016853470378,
          "n": 5
        },
        "time_to_goal": {
          "mean": 22.272000000000002,
          "std": 6.022804662281518,
          "n": 5
        },
        "cross_track_mean": {
          "mean": 0.09191438252088038,
          "std": 0.03177851121961029,
          "n": 5
        },
        "cross_track_max": {
          "mean": 0.80512,
          "std": 0.21284694407014637,
          "n": 5
        },
        "classification_accuracy": {
          "mean": 0.296085409252669,
          "std": 0.13143963232442765,
          "n": 5
        },
        "energy_proxy": {
          "mean": 26175.29600000001,
          "std": 1199.7909390156474,
          "n": 5
        },
        "replan_count": {
          "mean": 4.0,
          "std": 3.40587727318528,
          "n": 5
        },
        "actual_path_length": {
          "mean": 98.56821074019886,
          "std": 25.20625700495257,
          "n": 5
        }
      },
      "adaptive_navigator_baseline": {
        "success_rate": {
          "mean": 0.0,
          "std": 0.0,
          "n": 5
        },
        "path_efficiency": {
          "mean": 0.1310677077320068,
          "std": 0.10950485305966769,
          "n": 5
        },
        "time_to_goal": {
          "mean": 3618.6880000000006,
          "std": 65.22777518818192,
          "n": 5
        },
        "cross_track_mean": {
          "mean": 0.02484404272898989,
          "std": 0.0298674602731983,
          "n": 5
        },
        "cross_track_max": {
          "mean": 0.47912,
          "std": 0.06299820314897876,
          "n": 5
        },
        "classification_accuracy": {
          "mean": 0.0,
          "std": 0.0,
          "n": 5
        },
        "energy_proxy": {
          "mean": 709200.1280001347,
          "std": 12784.64393689315,
          "n": 5
        },
        "replan_count": {
          "mean": 0.6,
          "std": 0.48989794855663565,
          "n": 5
        },
        "actual_path_length": {
          "mean": 1901.475009625795,
          "std": 2304.383067894532,
          "n": 5
        }
      },
      "astar_navigator": {
        "success_rate": {
          "mean": 0.0,
          "std": 0.0,
          "n": 5
        },
        "path_efficiency": {
          "mean": 0.039344356758990694,
          "std": 0.01606833671441272,
          "n": 5
        },
        "time_to_goal": {
          "mean": 464.064,
          "std": 23.77184351286202,
          "n": 5
        },
        "cross_track_mean": {
          "mean": 0.027678056248434686,
          "std": 0.009146626592678496,
          "n": 5
        },
        "cross_track_max": {
          "mean": 0.5032970614359172,
          "std": 0.06603092757557451,
          "n": 5
        },
        "classification_accuracy": {
          "mean": 0.0,
          "std": 0.0,
          "n": 5
        },
        "energy_proxy": {
          "mean": 90893.8240000018,
          "std": 4659.281328521172,
          "n": 5
        },
        "replan_count": {
          "mean": 0.6,
          "std": 0.7999999999999999,
          "n": 5
        },
        "actual_path_length": {
          "mean": 139.34469961855717,
          "std": 38.47910274482761,
          "n": 5
        }
      }
    },
    "rough": {
      "adaptive_navigator": {
        "success_rate": {
          "mean": 1.0,
          "std": 0.0,
          "n": 5
        },
        "path_efficiency": {
          "mean": 0.35945302930762724,
          "std": 0.2786431587058695,
          "n": 5
        },
        "time_to_goal": {
          "mean": 38.848,
          "std": 9.209330920322062,
          "n": 5
        },
        "cross_track_mean": {
          "mean": 0.07806781955165006,