{
  "iter": 4,
  "branch": "iter/00-baseline",
  "tag": "iter-00-baseline",
  "datetime": "2026-05-20T00:00:00",
  "hypothesis": "Baseline establishment - no algorithm changes, record current performance for future comparison",
  "changes": [],
  "controllers": [
    "adaptive_navigator",
    "adaptive_navigator_baseline",
    "astar_navigator"
  ],
  "terrains": [
    "flat",
    "slope",
    "rough",
    "transition"
  ],
  "seeds": [
    42,
    43,
    44,
    45,
    46
  ],
  "results": {
    "flat": {
      "adaptive_navigator": {
        "success_rate": {
          "mean": 1.0,
          "std": 0.0,
          "n": 5
        },
        "path_efficiency": {
          "mean": 0.051846911090886696,
          "std": 0.022826409671279795,
          "n": 5
        },
        "time_to_goal": {
          "mean": 16.704,
          "std": 2.8290606214784444,
          "n": 5
        },
        "cross_track_mean": {
          "mean": 0.1107466577402944,
          "std": 0.018584915410597473,
          "n": 5
        },
        "cross_track_max": {
          "mean": 0.788297061435917,
          "std": 0.23220177596524044,
          "n": 5
        },
        "classification_accuracy": {
          "mean": 0.9822064056939501,
          "std": 0.011695143576622774,
          "n": 5
        },
        "energy_proxy": {
          "mean": 28825.600000000042,
          "std": 134.60829573247096,
          "n": 5
        },
        "replan_count": {
          "mean": 6.8,
          "std": 3.4871191548325386,
          "n": 5
        },
        "actual_path_length": {
          "mean": 132.19848123835317,
          "std": 1.2970323723469002,
          "n": 5
        }
      },
      "adaptive_navigator_baseline": {
        "success_rate": {
          "mean": 0.0,
          "std": 0.0,
          "n": 5
        },
        "path_efficiency": {
          "mean": 0.0004696813366691719,
          "std": 0.00010282408383397625,
          "n": 5
        },
        "time_to_goal": {
          "mean": 8855.424,
          "std": 266.9319009485381,
          "n": 5
        },
        "cross_track_mean": {
          "mean": 0.09496657402478313,
          "std": 0.02262525421668279,
          "n": 5
        },
        "cross_track_max": {
          "mean": 0.47391999999999995,
          "std": 0.09140491015257331,
          "n": 5
        },
        "classification_accuracy": {
          "mean": 0.9750597060279714,
          "std": 0.027428635960152034,
          "n": 5
        },
        "energy_proxy": {
          "mean": 2841684.2239992293,
          "std": 114290.13992842512,
          "n": 5
        },
        "replan_count": {
          "mean": 98.0,
          "std": 194.50141387660915,
          "n": 5
        },
        "actual_path_length": {
          "mean": 14866.40229952382,
          "std": 810.8994498955634,
          "n": 5
        }
      },
      "astar_navigator": {
        "success_rate": {
          "mean": 0.2,
          "std": 0.0,
          "n": 5
        },
        "path_efficiency": {
          "mean": 0.0005529131670295006,
          "std": 0.00018205232334668117,
          "n": 5
        },
        "time_to_goal": {
          "mean": 5312.832,
          "std": 2650.753245448546,
          "n": 5
        },
        "cross_track_mean": {
          "mean": 0.09511763514315677,
          "std": 0.022085531171550477,
          "n": 5
        },
        "cross_track_max": {
          "mean": 0.47178,
          "std": 0.09712417618698238,
          "n": 5
        },
        "classification_accuracy": {
          "mean": 0.977440875787223,
          "std": 0.02132723538103558,
          "n": 5
        },
        "energy_proxy": {
          "mean": 2160757.248000202,
          "std": 73596.11213251807,
          "n": 5
        },
        "replan_count": {
          "mean": 67.4,
          "std": 133.80074738206812,
          "n": 5
        },
        "actual_path_length": {
          "mean": 11310.763811983208,
          "std": 557.710683720777,
          "n": 5
        }
      }
    },
    "slope": {
      "adaptive_navigator": {
        "success_rate": {
          "mean": 1.0,
          "std": 0.0,
          "n": 5
        },
        "path_efficiency": {
          "mean": 0.09058236207010775,
          "std": 0.05472652689380215,
          "n": 5
        },
        "time_to_goal": {
          "mean": 22.272000000000002,
          "std": 6.022804662281518,
          "n": 5
        },
        "cross_track_mean": {
          "mean": 0.09072990351062384,
          "std": 0.029881740096803774,
          "n": 5
        },
        "cross_track_max": {
          "mean": 0.80992,
          "std": 0.21517237183244514,
          "n": 5
        },
        "classification_accuracy": {
          "mean": 0.30391459074733096,
          "std": 0.1396650943228355,
          "n": 5
        },
        "energy_proxy": {
          "mean": 26111.616000000016,
          "std": 1203.1408904629743,
          "n": 5
        },
        "replan_count": {
          "mean": 3.6,
          "std": 2.870540018881465,
          "n": 5
        },
        "actual_path_length": {
          "mean": 97.87836218953534,
          "std": 25.09092613009145,
          "n": 5
        }
      },
      "adaptive_navigator_baseline": {
        "success_rate": {
          "mean": 0.0,
          "std": 0.0,
          "n": 5
        },
        "path_efficiency": {
          "mean": 0.21013839297075668,
          "std": 0.21219469052649403,
          "n": 5
        },
        "time_to_goal": {
          "mean": 7359.039999999999,
          "std": 157.52752038929583,
          "n": 5
        },
        "cross_track_mean": {
          "mean": 0.002618949252732942,
          "std": 0.003441453978382047,
          "n": 5
        },
        "cross_track_max": {
          "mean": 0.47263706143591716,
          "std": 0.18269364224940995,
          "n": 5
        },
        "classification_accuracy": {
          "mean": 0.0,
          "std": 0.0,
          "n": 5
        },
        "energy_proxy": {
          "mean": 1442309.1200005326,
          "std": 30875.393996324903,
          "n": 5
        },
        "replan_count": {
          "mean": 2.0,
          "std": 3.521363372331802,
          "n": 5
        },
        "actual_path_length": {
          "mean": 160.235883041006,
          "std": 240.98130547887592,
          "n": 5
        }
      },
      "astar_navigator": {
        "success_rate": {
          "mean": 0.0,
          "std": 0.0,
          "n": 5
        },
        "path_efficiency": {
          "mean": 0.23138994802889185,
          "std": 0.19603206090350372,
          "n": 5
        },
        "time_to_goal": {
          "mean": 1465.728,
          "std": 46.15842215674187,
          "n": 5
        },
        "cross_track_mean": {
          "mean": 0.004786208513717141,
          "std": 0.003217694206190502,
          "n": 5
        },
        "cross_track_max": {
          "mean": 0.4961170614359173,
          "std": 0.09569585981793441,
          "n": 5
        },
        "classification_accuracy": {
          "mean": 0.0,
          "std": 0.0,
          "n": 5
        },
        "energy_proxy": {
          "mean": 287219.9680000095,
          "std": 9047.050742719726,
          "n": 5
        },
        "replan_count": {
          "mean": 1.4,
          "std": 1.2,
          "n": 5
        },
        "actual_path_length": {
          "mean": 76.8987454769627,
          "std": 91.36734839457628,
          "n": 5
        }
      }
    },
    "rough": {
      "adaptive_navigator": {
        "success_rate": {
          "mean": 1.0,
          "std": 0.0,
          "n": 5
        },
        "path_efficiency": {
          "mean": 0.35588680512203197,
          "std": 0.2821939657423892,
          "n": 5
        },
        "time_to_goal": {
          "mean": 35.648,
          "std": 4.918432270551258,
          "n": 5
        },
        "cross_track_mean": {
          "mean": 0.06751765774029439,